player_name,position,school,early_declare,source_url,source,pull_method,status,notes
A.J. Haulcy,DB,LSU,0,https://www.nfl.com/news/nfl-combine-full-list-of-draft-prospects-invited-to-2026-scouting-event,nfl_combine_invite_2026,regex_text_extract,ok,
Aamil Wagner,OL,Notre Dame,1,https://www.nfl.com/news/nfl-combine-full-list-of-draft-prospects-invited-to-2026-scouting-event,nfl_combine_invite_2026,regex_text_extract,ok,
Aaron Anderson,WR,LSU,1,https://www.nfl.com/news/nfl-combine-full-list-of-draft-prospects-invited-to-2026-scouting-event,nfl_combine_invite_2026,regex_text_extract,ok,
Adam Randall,RB,Clemson,0,https://www.nfl.com/news/nfl-combine-full-list-of-draft-prospects-invited-to-2026-scouting-event,nfl_combine_invite_2026,regex_text_extract,ok,
Ahmaad Moses,DB,SMU,0,https://www.nfl.com/news/nfl-combine-full-list-of-draft-prospects-invited-to-2026-scouting-event,nfl_combine_invite_2026,regex_text_extract,ok,
Ahmari Harvey,DB,Georgia Tech,0,https://www.nfl.com/news/nfl-combine-full-list-of-draft-prospects-invited-to-2026-scouting-event,nfl_combine_invite_2026,regex_text_extract,ok,
Aidan Hubbard,DL,Northwestern,0,https://www.nfl.com/news/nfl-combine-full-list-of-draft-prospects-invited-to-2026-scouting-event,nfl_combine_invite_2026,regex_text_extract,ok,
Aiden Fisher,LB,Indiana,0,https://www.nfl.com/news/nfl-combine-full-list-of-draft-prospects-invited-to-2026-scouting-event,nfl_combine_invite_2026,regex_text_extract,ok,
Akheem Mesidor,DL,Miami,0,https://www.nfl.com/news/nfl-combine-full-list-of-draft-prospects-invited-to-2026-scouting-event,nfl_combine_invite_2026,regex_text_extract,ok,
Alan Herron,OL,Maryland,0,https://www.nfl.com/news/nfl-combine-full-list-of-draft-prospects-invited-to-2026-scouting-event,nfl_combine_invite_2026,regex_text_extract,ok,
Albert Regis,DL,Texas A&M,0,https://www.nfl.com/news/nfl-combine-full-list-of-draft-prospects-invited-to-2026-scouting-event,nfl_combine_invite_2026,regex_text_extract,ok,
Alex Harkey,OL,Oregon,0,https://www.nfl.com/news/nfl-combine-full-list-of-draft-prospects-invited-to-2026-scouting-event,nfl_combine_invite_2026,regex_text_extract,ok,
Andre Fuller,DB,Toledo,0,https://www.nfl.com/news/nfl-combine-full-list-of-draft-prospects-invited-to-2026-scouting-event,nfl_combine_invite_2026,regex_text_extract,ok,
Anez Cooper,OL,Miami,0,https://www.nfl.com/news/nfl-combine-full-list-of-draft-prospects-invited-to-2026-scouting-event,nfl_combine_invite_2026,regex_text_extract,ok,
Anthony Hill Jr,LB,Texas,0,https://www.nfl.com/news/nfl-combine-full-list-of-draft-prospects-invited-to-2026-scouting-event,nfl_combine_invite_2026,regex_text_extract,ok,
Anthony Lucas,DL,USC,0,https://www.nfl.com/news/nfl-combine-full-list-of-draft-prospects-invited-to-2026-scouting-event,nfl_combine_invite_2026,regex_text_extract,ok,
Antonio Williams,WR,Clemson,1,https://www.nfl.com/news/nfl-combine-full-list-of-draft-prospects-invited-to-2026-scouting-event,nfl_combine_invite_2026,regex_text_extract,ok,
Ar'maj Reed-Adams,OL,Texas A&M,0,https://www.nfl.com/news/nfl-combine-full-list-of-draft-prospects-invited-to-2026-scouting-event,nfl_combine_invite_2026,regex_text_extract,ok,
Arvell Reese,LB,Ohio State,1,https://www.nfl.com/news/nfl-combine-full-list-of-draft-prospects-invited-to-2026-scouting-event,nfl_combine_invite_2026,regex_text_extract,ok,
Austin Barber,OL,Florida,0,https://www.nfl.com/news/nfl-combine-full-list-of-draft-prospects-invited-to-2026-scouting-event,nfl_combine_invite_2026,regex_text_extract,ok,
Avery Smith,DB,Toledo,0,https://www.nfl.com/news/nfl-combine-full-list-of-draft-prospects-invited-to-2026-scouting-event,nfl_combine_invite_2026,regex_text_extract,ok,
Avieon Terrell,DB,Clemson,1,https://www.nfl.com/news/nfl-combine-full-list-of-draft-prospects-invited-to-2026-scouting-event,nfl_combine_invite_2026,regex_text_extract,ok,
Barion Brown,WR,LSU,0,https://www.nfl.com/news/nfl-combine-full-list-of-draft-prospects-invited-to-2026-scouting-event,nfl_combine_invite_2026,regex_text_extract,ok,
Bauer Sharp,TE,LSU,0,https://www.nfl.com/news/nfl-combine-full-list-of-draft-prospects-invited-to-2026-scouting-event,nfl_combine_invite_2026,regex_text_extract,ok,
Beau Stephens,OL,Iowa,0,https://www.nfl.com/news/nfl-combine-full-list-of-draft-prospects-invited-to-2026-scouting-event,nfl_combine_invite_2026,regex_text_extract,ok,
Behren Morton,QB,Texas Tech,0,https://www.nfl.com/news/nfl-combine-full-list-of-draft-prospects-invited-to-2026-scouting-event,nfl_combine_invite_2026,regex_text_extract,ok,
Billy Schrauth,OL,Notre Dame,1,https://www.nfl.com/news/nfl-combine-full-list-of-draft-prospects-invited-to-2026-scouting-event,nfl_combine_invite_2026,regex_text_extract,ok,
Bishop Fitzgerald,DB,USC,0,https://www.nfl.com/news/nfl-combine-full-list-of-draft-prospects-invited-to-2026-scouting-event,nfl_combine_invite_2026,regex_text_extract,ok,
Blake Miller,OL,Clemson,0,https://www.nfl.com/news/nfl-combine-full-list-of-draft-prospects-invited-to-2026-scouting-event,nfl_combine_invite_2026,regex_text_extract,ok,
Bobby Jamison-Travis,DL,Auburn,0,https://www.nfl.com/news/nfl-combine-full-list-of-draft-prospects-invited-to-2026-scouting-event,nfl_combine_invite_2026,regex_text_extract,ok,
Brandon Cisse,DB,South Carolina,1,https://www.nfl.com/news/nfl-combine-full-list-of-draft-prospects-invited-to-2026-scouting-event,nfl_combine_invite_2026,regex_text_extract,ok,
Brandon Cleveland,DL,N.C. State,0,https://www.nfl.com/news/nfl-combine-full-list-of-draft-prospects-invited-to-2026-scouting-event,nfl_combine_invite_2026,regex_text_extract,ok,
Brenen Thompson,WR,Mississippi State,0,https://www.nfl.com/news/nfl-combine-full-list-of-draft-prospects-invited-to-2026-scouting-event,nfl_combine_invite_2026,regex_text_extract,ok,
Brett Thorson,ST,Georgia,0,https://www.nfl.com/news/nfl-combine-full-list-of-draft-prospects-invited-to-2026-scouting-event,nfl_combine_invite_2026,regex_text_extract,ok,
Brian Parker II,OL,Duke,0,https://www.nfl.com/news/nfl-combine-full-list-of-draft-prospects-invited-to-2026-scouting-event,nfl_combine_invite_2026,regex_text_extract,ok,
Bryce Boettcher,LB,Oregon,0,https://www.nfl.com/news/nfl-combine-full-list-of-draft-prospects-invited-to-2026-scouting-event,nfl_combine_invite_2026,regex_text_extract,ok,
Bryce Lance,WR,North Dakota State,0,https://www.nfl.com/news/nfl-combine-full-list-of-draft-prospects-invited-to-2026-scouting-event,nfl_combine_invite_2026,regex_text_extract,ok,
Bryson Eason,DL,Tennessee,0,https://www.nfl.com/news/nfl-combine-full-list-of-draft-prospects-invited-to-2026-scouting-event,nfl_combine_invite_2026,regex_text_extract,ok,
Bud Clark,DB,TCU,0,https://www.nfl.com/news/nfl-combine-full-list-of-draft-prospects-invited-to-2026-scouting-event,nfl_combine_invite_2026,regex_text_extract,ok,
CJ Allen,LB,Georgia,1,https://www.nfl.com/news/nfl-combine-full-list-of-draft-prospects-invited-to-2026-scouting-event,nfl_combine_invite_2026,regex_text_extract,ok,
CJ Daniels,WR,Miami,0,https://www.nfl.com/news/nfl-combine-full-list-of-draft-prospects-invited-to-2026-scouting-event,nfl_combine_invite_2026,regex_text_extract,ok,
CJ Donaldson,RB,Ohio State,0,https://www.nfl.com/news/nfl-combine-full-list-of-draft-prospects-invited-to-2026-scouting-event,nfl_combine_invite_2026,regex_text_extract,ok,
Cade Klubnik,QB,Clemson,0,https://www.nfl.com/news/nfl-combine-full-list-of-draft-prospects-invited-to-2026-scouting-event,nfl_combine_invite_2026,regex_text_extract,ok,
Caden Curry,DL,Ohio State,0,https://www.nfl.com/news/nfl-combine-full-list-of-draft-prospects-invited-to-2026-scouting-event,nfl_combine_invite_2026,regex_text_extract,ok,
Caleb Banks,DL,Florida,0,https://www.nfl.com/news/nfl-combine-full-list-of-draft-prospects-invited-to-2026-scouting-event,nfl_combine_invite_2026,regex_text_extract,ok,
Caleb Douglas,WR,Texas Tech,0,https://www.nfl.com/news/nfl-combine-full-list-of-draft-prospects-invited-to-2026-scouting-event,nfl_combine_invite_2026,regex_text_extract,ok,
Caleb Downs,DB,Ohio State,1,https://www.nfl.com/news/nfl-combine-full-list-of-draft-prospects-invited-to-2026-scouting-event,nfl_combine_invite_2026,regex_text_extract,ok,
Caleb Lomu,OL,Utah,1,https://www.nfl.com/news/nfl-combine-full-list-of-draft-prospects-invited-to-2026-scouting-event,nfl_combine_invite_2026,regex_text_extract,ok,
Caleb Tiernan,OL,Northwestern,0,https://www.nfl.com/news/nfl-combine-full-list-of-draft-prospects-invited-to-2026-scouting-event,nfl_combine_invite_2026,regex_text_extract,ok,
Cameron Ball,DL,Arkansas,0,https://www.nfl.com/news/nfl-combine-full-list-of-draft-prospects-invited-to-2026-scouting-event,nfl_combine_invite_2026,regex_text_extract,ok,
Carnell Tate,WR,Ohio State,1,https://www.nfl.com/news/nfl-combine-full-list-of-draft-prospects-invited-to-2026-scouting-event,nfl_combine_invite_2026,regex_text_extract,ok,
Carson Beck,QB,Miami,0,https://www.nfl.com/news/nfl-combine-full-list-of-draft-prospects-invited-to-2026-scouting-event,nfl_combine_invite_2026,regex_text_extract,ok,
Carver Willis,OL,Washington,0,https://www.nfl.com/news/nfl-combine-full-list-of-draft-prospects-invited-to-2026-scouting-event,nfl_combine_invite_2026,regex_text_extract,ok,
Cashius Howell,DL,Texas A&M,0,https://www.nfl.com/news/nfl-combine-full-list-of-draft-prospects-invited-to-2026-scouting-event,nfl_combine_invite_2026,regex_text_extract,ok,
Caullin Lacy,WR,Louisville,0,https://www.nfl.com/news/nfl-combine-full-list-of-draft-prospects-invited-to-2026-scouting-event,nfl_combine_invite_2026,regex_text_extract,ok,
Chandler Rivers,DB,Duke,0,https://www.nfl.com/news/nfl-combine-full-list-of-draft-prospects-invited-to-2026-scouting-event,nfl_combine_invite_2026,regex_text_extract,ok,
Charles Demmings,DB,Stephen F. Austin,0,https://www.nfl.com/news/nfl-combine-full-list-of-draft-prospects-invited-to-2026-scouting-event,nfl_combine_invite_2026,regex_text_extract,ok,
Chase Bisontis,OL,Texas A&M,1,https://www.nfl.com/news/nfl-combine-full-list-of-draft-prospects-invited-to-2026-scouting-event,nfl_combine_invite_2026,regex_text_extract,ok,
Chase Roberts,WR,BYU,0,https://www.nfl.com/news/nfl-combine-full-list-of-draft-prospects-invited-to-2026-scouting-event,nfl_combine_invite_2026,regex_text_extract,ok,
Chris Adams,OL,Memphis,0,https://www.nfl.com/news/nfl-combine-full-list-of-draft-prospects-invited-to-2026-scouting-event,nfl_combine_invite_2026,regex_text_extract,ok,
Chris Bell,WR,Louisville,0,https://www.nfl.com/news/nfl-combine-full-list-of-draft-prospects-invited-to-2026-scouting-event,nfl_combine_invite_2026,regex_text_extract,ok,
Chris Brazzell II,WR,Tennessee,0,https://www.nfl.com/news/nfl-combine-full-list-of-draft-prospects-invited-to-2026-scouting-event,nfl_combine_invite_2026,regex_text_extract,ok,
Chris Hilton Jr,WR,LSU,0,https://www.nfl.com/news/nfl-combine-full-list-of-draft-prospects-invited-to-2026-scouting-event,nfl_combine_invite_2026,regex_text_extract,ok,
Chris Johnson,DB,San Diego State,0,https://www.nfl.com/news/nfl-combine-full-list-of-draft-prospects-invited-to-2026-scouting-event,nfl_combine_invite_2026,regex_text_extract,ok,
Chris McClellan,DL,Missouri,0,https://www.nfl.com/news/nfl-combine-full-list-of-draft-prospects-invited-to-2026-scouting-event,nfl_combine_invite_2026,regex_text_extract,ok,
Christen Miller,DL,Georgia,1,https://www.nfl.com/news/nfl-combine-full-list-of-draft-prospects-invited-to-2026-scouting-event,nfl_combine_invite_2026,regex_text_extract,ok,
Colbie Young,WR,Georgia,0,https://www.nfl.com/news/nfl-combine-full-list-of-draft-prospects-invited-to-2026-scouting-event,nfl_combine_invite_2026,regex_text_extract,ok,
Cole Payton,QB,North Dakota State,0,https://www.nfl.com/news/nfl-combine-full-list-of-draft-prospects-invited-to-2026-scouting-event,nfl_combine_invite_2026,regex_text_extract,ok,
Collin Wright,DB,Stanford,1,https://www.nfl.com/news/nfl-combine-full-list-of-draft-prospects-invited-to-2026-scouting-event,nfl_combine_invite_2026,regex_text_extract,ok,
Colton Hood,DB,Tennessee,1,https://www.nfl.com/news/nfl-combine-full-list-of-draft-prospects-invited-to-2026-scouting-event,nfl_combine_invite_2026,regex_text_extract,ok,
Connor Lew,OL,Auburn,1,https://www.nfl.com/news/nfl-combine-full-list-of-draft-prospects-invited-to-2026-scouting-event,nfl_combine_invite_2026,regex_text_extract,ok,
DJ Campbell,OL,Texas,0,https://www.nfl.com/news/nfl-combine-full-list-of-draft-prospects-invited-to-2026-scouting-event,nfl_combine_invite_2026,regex_text_extract,ok,
DJ Rogers,TE,TCU,0,https://www.nfl.com/news/nfl-combine-full-list-of-draft-prospects-invited-to-2026-scouting-event,nfl_combine_invite_2026,regex_text_extract,ok,
DaeâQuan Wright,TE,Mississippi,0,https://www.nfl.com/news/nfl-combine-full-list-of-draft-prospects-invited-to-2026-scouting-event,nfl_combine_invite_2026,regex_text_extract,ok,
Dallen Bentley,TE,Utah,0,https://www.nfl.com/news/nfl-combine-full-list-of-draft-prospects-invited-to-2026-scouting-event,nfl_combine_invite_2026,regex_text_extract,ok,
Dalton Johnson,DB,Arizona,0,https://www.nfl.com/news/nfl-combine-full-list-of-draft-prospects-invited-to-2026-scouting-event,nfl_combine_invite_2026,regex_text_extract,ok,
Dametrious Crownover,OL,Texas A&M,0,https://www.nfl.com/news/nfl-combine-full-list-of-draft-prospects-invited-to-2026-scouting-event,nfl_combine_invite_2026,regex_text_extract,ok,
Damonic Williams,DL,Oklahoma,0,https://www.nfl.com/news/nfl-combine-full-list-of-draft-prospects-invited-to-2026-scouting-event,nfl_combine_invite_2026,regex_text_extract,ok,
Dani Dennis-Sutton,DL,Penn State,0,https://www.nfl.com/news/nfl-combine-full-list-of-draft-prospects-invited-to-2026-scouting-event,nfl_combine_invite_2026,regex_text_extract,ok,
Darrell Jackson Jr,DL,Florida State,0,https://www.nfl.com/news/nfl-combine-full-list-of-draft-prospects-invited-to-2026-scouting-event,nfl_combine_invite_2026,regex_text_extract,ok,
David Bailey,DL,Texas Tech,0,https://www.nfl.com/news/nfl-combine-full-list-of-draft-prospects-invited-to-2026-scouting-event,nfl_combine_invite_2026,regex_text_extract,ok,
David Gusta,DL,Kentucky,0,https://www.nfl.com/news/nfl-combine-full-list-of-draft-prospects-invited-to-2026-scouting-event,nfl_combine_invite_2026,regex_text_extract,ok,
Davison Igbinosun,DB,Ohio State,0,https://www.nfl.com/news/nfl-combine-full-list-of-draft-prospects-invited-to-2026-scouting-event,nfl_combine_invite_2026,regex_text_extract,ok,
Daylen Everette,DB,Georgia,0,https://www.nfl.com/news/nfl-combine-full-list-of-draft-prospects-invited-to-2026-scouting-event,nfl_combine_invite_2026,regex_text_extract,ok,
De'Zhaun Stribling,WR,Mississippi,0,https://www.nfl.com/news/nfl-combine-full-list-of-draft-prospects-invited-to-2026-scouting-event,nfl_combine_invite_2026,regex_text_extract,ok,
DeMonte Capehart,DL,Clemson,0,https://www.nfl.com/news/nfl-combine-full-list-of-draft-prospects-invited-to-2026-scouting-event,nfl_combine_invite_2026,regex_text_extract,ok,
DeShon Singleton,DB,Nebraska,0,https://www.nfl.com/news/nfl-combine-full-list-of-draft-prospects-invited-to-2026-scouting-event,nfl_combine_invite_2026,regex_text_extract,ok,
Deion Burks,WR,Oklahoma,0,https://www.nfl.com/news/nfl-combine-full-list-of-draft-prospects-invited-to-2026-scouting-event,nfl_combine_invite_2026,regex_text_extract,ok,
Demond Claiborne,RB,Wake Forest,0,https://www.nfl.com/news/nfl-combine-full-list-of-draft-prospects-invited-to-2026-scouting-event,nfl_combine_invite_2026,regex_text_extract,ok,
Denzel Boston,WR,Washington,1,https://www.nfl.com/news/nfl-combine-full-list-of-draft-prospects-invited-to-2026-scouting-event,nfl_combine_invite_2026,regex_text_extract,ok,
Deontae Lawson,LB,Alabama,0,https://www.nfl.com/news/nfl-combine-full-list-of-draft-prospects-invited-to-2026-scouting-event,nfl_combine_invite_2026,regex_text_extract,ok,
Derrick Moore,DL,Michigan,0,https://www.nfl.com/news/nfl-combine-full-list-of-draft-prospects-invited-to-2026-scouting-event,nfl_combine_invite_2026,regex_text_extract,ok,
Desmond Reid,RB,Pittsburgh,0,https://www.nfl.com/news/nfl-combine-full-list-of-draft-prospects-invited-to-2026-scouting-event,nfl_combine_invite_2026,regex_text_extract,ok,
Deven Eastern,DL,Minnesota,0,https://www.nfl.com/news/nfl-combine-full-list-of-draft-prospects-invited-to-2026-scouting-event,nfl_combine_invite_2026,regex_text_extract,ok,
Devin Moore,DB,Florida,0,https://www.nfl.com/news/nfl-combine-full-list-of-draft-prospects-invited-to-2026-scouting-event,nfl_combine_invite_2026,regex_text_extract,ok,
Diego Pavia,QB,Vanderbilt,0,https://www.nfl.com/news/nfl-combine-full-list-of-draft-prospects-invited-to-2026-scouting-event,nfl_combine_invite_2026,regex_text_extract,ok,
Diego Pounds,OL,Mississippi,0,https://www.nfl.com/news/nfl-combine-full-list-of-draft-prospects-invited-to-2026-scouting-event,nfl_combine_invite_2026,regex_text_extract,ok,
Dillon Bell,WR,Georgia,0,https://www.nfl.com/news/nfl-combine-full-list-of-draft-prospects-invited-to-2026-scouting-event,nfl_combine_invite_2026,regex_text_extract,ok,
Dillon Thieneman,DB,Oregon,1,https://www.nfl.com/news/nfl-combine-full-list-of-draft-prospects-invited-to-2026-scouting-event,nfl_combine_invite_2026,regex_text_extract,ok,
Dillon Wade,OL,Auburn,0,https://www.nfl.com/news/nfl-combine-full-list-of-draft-prospects-invited-to-2026-scouting-event,nfl_combine_invite_2026,regex_text_extract,ok,
Domani Jackson,DB,Alabama,0,https://www.nfl.com/news/nfl-combine-full-list-of-draft-prospects-invited-to-2026-scouting-event,nfl_combine_invite_2026,regex_text_extract,ok,
Dominic Zvada,ST,Michigan,0,https://www.nfl.com/news/nfl-combine-full-list-of-draft-prospects-invited-to-2026-scouting-event,nfl_combine_invite_2026,regex_text_extract,ok,
Domonique Orange,DL,Iowa State,0,https://www.nfl.com/news/nfl-combine-full-list-of-draft-prospects-invited-to-2026-scouting-event,nfl_combine_invite_2026,regex_text_extract,ok,
Donaven McCulley,WR,Michigan,0,https://www.nfl.com/news/nfl-combine-full-list-of-draft-prospects-invited-to-2026-scouting-event,nfl_combine_invite_2026,regex_text_extract,ok,
Dontay Corleone,DL,Cincinnati,0,https://www.nfl.com/news/nfl-combine-full-list-of-draft-prospects-invited-to-2026-scouting-event,nfl_combine_invite_2026,regex_text_extract,ok,
Drew Allar,QB,Penn State,0,https://www.nfl.com/news/nfl-combine-full-list-of-draft-prospects-invited-to-2026-scouting-event,nfl_combine_invite_2026,regex_text_extract,ok,
Drew Shelton,OL,Penn State,0,https://www.nfl.com/news/nfl-combine-full-list-of-draft-prospects-invited-to-2026-scouting-event,nfl_combine_invite_2026,regex_text_extract,ok,
Drew Stevens,ST,Iowa,0,https://www.nfl.com/news/nfl-combine-full-list-of-draft-prospects-invited-to-2026-scouting-event,nfl_combine_invite_2026,regex_text_extract,ok,
DâAngelo Ponds,DB,Indiana,0,https://www.nfl.com/news/nfl-combine-full-list-of-draft-prospects-invited-to-2026-scouting-event,nfl_combine_invite_2026,regex_text_extract,ok,
Eli Heidenreich,RB,Navy,0,https://www.nfl.com/news/nfl-combine-full-list-of-draft-prospects-invited-to-2026-scouting-event,nfl_combine_invite_2026,regex_text_extract,ok,
Eli Raridon,TE,Notre Dame,0,https://www.nfl.com/news/nfl-combine-full-list-of-draft-prospects-invited-to-2026-scouting-event,nfl_combine_invite_2026,regex_text_extract,ok,
Eli Stowers,TE,Vanderbilt,0,https://www.nfl.com/news/nfl-combine-full-list-of-draft-prospects-invited-to-2026-scouting-event,nfl_combine_invite_2026,regex_text_extract,ok,
Elijah Sarratt,WR,Indiana,0,https://www.nfl.com/news/nfl-combine-full-list-of-draft-prospects-invited-to-2026-scouting-event,nfl_combine_invite_2026,regex_text_extract,ok,
Emmanuel Henderson Jr,WR,Kansas,0,https://www.nfl.com/news/nfl-combine-full-list-of-draft-prospects-invited-to-2026-scouting-event,nfl_combine_invite_2026,regex_text_extract,ok,
Emmanuel McNeil-Warren,DB,Toledo,0,https://www.nfl.com/news/nfl-combine-full-list-of-draft-prospects-invited-to-2026-scouting-event,nfl_combine_invite_2026,regex_text_extract,ok,
Emmanuel Pregnon,OL,Oregon,0,https://www.nfl.com/news/nfl-combine-full-list-of-draft-prospects-invited-to-2026-scouting-event,nfl_combine_invite_2026,regex_text_extract,ok,
Emmett Johnson,RB,Nebraska,1,https://www.nfl.com/news/nfl-combine-full-list-of-draft-prospects-invited-to-2026-scouting-event,nfl_combine_invite_2026,regex_text_extract,ok,
Enrique Cruz Jr,OL,Kansas,0,https://www.nfl.com/news/nfl-combine-full-list-of-draft-prospects-invited-to-2026-scouting-event,nfl_combine_invite_2026,regex_text_extract,ok,
Ephesians Prysock,DB,Washington,0,https://www.nfl.com/news/nfl-combine-full-list-of-draft-prospects-invited-to-2026-scouting-event,nfl_combine_invite_2026,regex_text_extract,ok,
Eric Gentry,LB,USC,0,https://www.nfl.com/news/nfl-combine-full-list-of-draft-prospects-invited-to-2026-scouting-event,nfl_combine_invite_2026,regex_text_extract,ok,
Eric McAlister,WR,TCU,0,https://www.nfl.com/news/nfl-combine-full-list-of-draft-prospects-invited-to-2026-scouting-event,nfl_combine_invite_2026,regex_text_extract,ok,
Eric Rivers,WR,Georgia Tech,0,https://www.nfl.com/news/nfl-combine-full-list-of-draft-prospects-invited-to-2026-scouting-event,nfl_combine_invite_2026,regex_text_extract,ok,
Evan Beerntsen,OL,Northwestern,0,https://www.nfl.com/news/nfl-combine-full-list-of-draft-prospects-invited-to-2026-scouting-event,nfl_combine_invite_2026,regex_text_extract,ok,
Fa'alili Fa'amoe,OL,Wake Forest,0,https://www.nfl.com/news/nfl-combine-full-list-of-draft-prospects-invited-to-2026-scouting-event,nfl_combine_invite_2026,regex_text_extract,ok,
Febechi Nwaiwu,OL,Oklahoma,0,https://www.nfl.com/news/nfl-combine-full-list-of-draft-prospects-invited-to-2026-scouting-event,nfl_combine_invite_2026,regex_text_extract,ok,
Fernando Carmona,OL,Arkansas,0,https://www.nfl.com/news/nfl-combine-full-list-of-draft-prospects-invited-to-2026-scouting-event,nfl_combine_invite_2026,regex_text_extract,ok,
Fernando Mendoza,QB,Indiana,0,https://www.nfl.com/news/nfl-combine-full-list-of-draft-prospects-invited-to-2026-scouting-event,nfl_combine_invite_2026,regex_text_extract,ok,
Francis Mauigoa,OL,Miami,0,https://www.nfl.com/news/nfl-combine-full-list-of-draft-prospects-invited-to-2026-scouting-event,nfl_combine_invite_2026,regex_text_extract,ok,
Gabe Jacas,DL,Illinois,0,https://www.nfl.com/news/nfl-combine-full-list-of-draft-prospects-invited-to-2026-scouting-event,nfl_combine_invite_2026,regex_text_extract,ok,
Garrett DiGiorgio,OL,UCLA,0,https://www.nfl.com/news/nfl-combine-full-list-of-draft-prospects-invited-to-2026-scouting-event,nfl_combine_invite_2026,regex_text_extract,ok,
Garrett Nussmeier,QB,LSU,0,https://www.nfl.com/news/nfl-combine-full-list-of-draft-prospects-invited-to-2026-scouting-event,nfl_combine_invite_2026,regex_text_extract,ok,
Gary Smith III,DL,UCLA,0,https://www.nfl.com/news/nfl-combine-full-list-of-draft-prospects-invited-to-2026-scouting-event,nfl_combine_invite_2026,regex_text_extract,ok,
Genesis Smith,DB,Arizona,1,https://www.nfl.com/news/nfl-combine-full-list-of-draft-prospects-invited-to-2026-scouting-event,nfl_combine_invite_2026,regex_text_extract,ok,
Gennings Dunker,OL,Iowa,0,https://www.nfl.com/news/nfl-combine-full-list-of-draft-prospects-invited-to-2026-scouting-event,nfl_combine_invite_2026,regex_text_extract,ok,
George Gumbs Jr,DL,Florida,0,https://www.nfl.com/news/nfl-combine-full-list-of-draft-prospects-invited-to-2026-scouting-event,nfl_combine_invite_2026,regex_text_extract,ok,
Germie Bernard,WR,Alabama,0,https://www.nfl.com/news/nfl-combine-full-list-of-draft-prospects-invited-to-2026-scouting-event,nfl_combine_invite_2026,regex_text_extract,ok,
Gracen Halton,DL,Oklahoma,0,https://www.nfl.com/news/nfl-combine-full-list-of-draft-prospects-invited-to-2026-scouting-event,nfl_combine_invite_2026,regex_text_extract,ok,
Harold Perkins Jr,LB,LSU,0,https://www.nfl.com/news/nfl-combine-full-list-of-draft-prospects-invited-to-2026-scouting-event,nfl_combine_invite_2026,regex_text_extract,ok,
Harrison Wallace III,WR,Mississippi,0,https://www.nfl.com/news/nfl-combine-full-list-of-draft-prospects-invited-to-2026-scouting-event,nfl_combine_invite_2026,regex_text_extract,ok,
Haynes King,QB,Georgia Tech,0,https://www.nfl.com/news/nfl-combine-full-list-of-draft-prospects-invited-to-2026-scouting-event,nfl_combine_invite_2026,regex_text_extract,ok,
Hezekiah Masses,DB,Cal,0,https://www.nfl.com/news/nfl-combine-full-list-of-draft-prospects-invited-to-2026-scouting-event,nfl_combine_invite_2026,regex_text_extract,ok,
J'Mari Taylor,RB,Virginia,0,https://www.nfl.com/news/nfl-combine-full-list-of-draft-prospects-invited-to-2026-scouting-event,nfl_combine_invite_2026,regex_text_extract,ok,
J. Michael Sturdivant,WR,Florida,0,https://www.nfl.com/news/nfl-combine-full-list-of-draft-prospects-invited-to-2026-scouting-event,nfl_combine_invite_2026,regex_text_extract,ok,
J.C. Davis,OL,Illinois,0,https://www.nfl.com/news/nfl-combine-full-list-of-draft-prospects-invited-to-2026-scouting-event,nfl_combine_invite_2026,regex_text_extract,ok,
Ja'Kobi Lane,WR,USC,1,https://www.nfl.com/news/nfl-combine-full-list-of-draft-prospects-invited-to-2026-scouting-event,nfl_combine_invite_2026,regex_text_extract,ok,
Jack Endries,TE,Texas,1,https://www.nfl.com/news/nfl-combine-full-list-of-draft-prospects-invited-to-2026-scouting-event,nfl_combine_invite_2026,regex_text_extract,ok,
Jack Kelly,LB,BYU,0,https://www.nfl.com/news/nfl-combine-full-list-of-draft-prospects-invited-to-2026-scouting-event,nfl_combine_invite_2026,regex_text_extract,ok,
Jack Pyburn,DL,LSU,0,https://www.nfl.com/news/nfl-combine-full-list-of-draft-prospects-invited-to-2026-scouting-event,nfl_combine_invite_2026,regex_text_extract,ok,
Jack Stonehouse,ST,Syracuse,0,https://www.nfl.com/news/nfl-combine-full-list-of-draft-prospects-invited-to-2026-scouting-event,nfl_combine_invite_2026,regex_text_extract,ok,
Jackie Marshall,DL,Baylor,0,https://www.nfl.com/news/nfl-combine-full-list-of-draft-prospects-invited-to-2026-scouting-event,nfl_combine_invite_2026,regex_text_extract,ok,
Jacob Rodriguez,LB,Texas Tech,0,https://www.nfl.com/news/nfl-combine-full-list-of-draft-prospects-invited-to-2026-scouting-event,nfl_combine_invite_2026,regex_text_extract,ok,
Jadarian Price,RB,Notre Dame,1,https://www.nfl.com/news/nfl-combine-full-list-of-draft-prospects-invited-to-2026-scouting-event,nfl_combine_invite_2026,regex_text_extract,ok,
Jadon Canady,DB,Oregon,0,https://www.nfl.com/news/nfl-combine-full-list-of-draft-prospects-invited-to-2026-scouting-event,nfl_combine_invite_2026,regex_text_extract,ok,
Jaeden Roberts,OL,Alabama,0,https://www.nfl.com/news/nfl-combine-full-list-of-draft-prospects-invited-to-2026-scouting-event,nfl_combine_invite_2026,regex_text_extract,ok,
Jager Burton,OL,Kentucky,0,https://www.nfl.com/news/nfl-combine-full-list-of-draft-prospects-invited-to-2026-scouting-event,nfl_combine_invite_2026,regex_text_extract,ok,
Jaishawn Barham,DL,Michigan,0,https://www.nfl.com/news/nfl-combine-full-list-of-draft-prospects-invited-to-2026-scouting-event,nfl_combine_invite_2026,regex_text_extract,ok,
Jake Golday,LB,Cincinnati,0,https://www.nfl.com/news/nfl-combine-full-list-of-draft-prospects-invited-to-2026-scouting-event,nfl_combine_invite_2026,regex_text_extract,ok,
Jake Slaughter,OL,Florida,0,https://www.nfl.com/news/nfl-combine-full-list-of-draft-prospects-invited-to-2026-scouting-event,nfl_combine_invite_2026,regex_text_extract,ok,
Jakobe Thomas,DB,Miami,0,https://www.nfl.com/news/nfl-combine-full-list-of-draft-prospects-invited-to-2026-scouting-event,nfl_combine_invite_2026,regex_text_extract,ok,
Jalen Farmer,OL,Kentucky,1,https://www.nfl.com/news/nfl-combine-full-list-of-draft-prospects-invited-to-2026-scouting-event,nfl_combine_invite_2026,regex_text_extract,ok,
Jalen Huskey,DB,Maryland,0,https://www.nfl.com/news/nfl-combine-full-list-of-draft-prospects-invited-to-2026-scouting-event,nfl_combine_invite_2026,regex_text_extract,ok,
Jalen Walthall,WR,Incarnate Word,0,https://www.nfl.com/news/nfl-combine-full-list-of-draft-prospects-invited-to-2026-scouting-event,nfl_combine_invite_2026,regex_text_extract,ok,
Jalon Daniels,QB,Kansas,0,https://www.nfl.com/news/nfl-combine-full-list-of-draft-prospects-invited-to-2026-scouting-event,nfl_combine_invite_2026,regex_text_extract,ok,
Jalon Kilgore,DB,South Carolina,1,https://www.nfl.com/news/nfl-combine-full-list-of-draft-prospects-invited-to-2026-scouting-event,nfl_combine_invite_2026,regex_text_extract,ok,
Jam Miller,RB,Alabama,0,https://www.nfl.com/news/nfl-combine-full-list-of-draft-prospects-invited-to-2026-scouting-event,nfl_combine_invite_2026,regex_text_extract,ok,
Jaren Kanak,TE,Oklahoma,0,https://www.nfl.com/news/nfl-combine-full-list-of-draft-prospects-invited-to-2026-scouting-event,nfl_combine_invite_2026,regex_text_extract,ok,
Jaylon Guilbeau,DB,Texas,0,https://www.nfl.com/news/nfl-combine-full-list-of-draft-prospects-invited-to-2026-scouting-event,nfl_combine_invite_2026,regex_text_extract,ok,
Jeff Caldwell,WR,Cincinnati,0,https://www.nfl.com/news/nfl-combine-full-list-of-draft-prospects-invited-to-2026-scouting-event,nfl_combine_invite_2026,regex_text_extract,ok,
Jeremiah Wright,OL,Auburn,0,https://www.nfl.com/news/nfl-combine-full-list-of-draft-prospects-invited-to-2026-scouting-event,nfl_combine_invite_2026,regex_text_extract,ok,
Jeremiyah Love,RB,Notre Dame,1,https://www.nfl.com/news/nfl-combine-full-list-of-draft-prospects-invited-to-2026-scouting-event,nfl_combine_invite_2026,regex_text_extract,ok,
Jermod McCoy,DB,Tennessee,1,https://www.nfl.com/news/nfl-combine-full-list-of-draft-prospects-invited-to-2026-scouting-event,nfl_combine_invite_2026,regex_text_extract,ok,
Jimmy Rolder,LB,Michigan,1,https://www.nfl.com/news/nfl-combine-full-list-of-draft-prospects-invited-to-2026-scouting-event,nfl_combine_invite_2026,regex_text_extract,ok,
Joe Fagnano,QB,UConn,0,https://www.nfl.com/news/nfl-combine-full-list-of-draft-prospects-invited-to-2026-scouting-event,nfl_combine_invite_2026,regex_text_extract,ok,
Joe Royer,TE,Cincinnati,0,https://www.nfl.com/news/nfl-combine-full-list-of-draft-prospects-invited-to-2026-scouting-event,nfl_combine_invite_2026,regex_text_extract,ok,
Joey Aguilar,QB,Tennessee,0,https://www.nfl.com/news/nfl-combine-full-list-of-draft-prospects-invited-to-2026-scouting-event,nfl_combine_invite_2026,regex_text_extract,ok,
John Michael Gyllenborg,TE,Wyoming,0,https://www.nfl.com/news/nfl-combine-full-list-of-draft-prospects-invited-to-2026-scouting-event,nfl_combine_invite_2026,regex_text_extract,ok,
Jonah Coleman,RB,Washington,0,https://www.nfl.com/news/nfl-combine-full-list-of-draft-prospects-invited-to-2026-scouting-event,nfl_combine_invite_2026,regex_text_extract,ok,
Jordan Hudson,WR,SMU,0,https://www.nfl.com/news/nfl-combine-full-list-of-draft-prospects-invited-to-2026-scouting-event,nfl_combine_invite_2026,regex_text_extract,ok,
Jordyn Tyson,WR,Arizona State,1,https://www.nfl.com/news/nfl-combine-full-list-of-draft-prospects-invited-to-2026-scouting-event,nfl_combine_invite_2026,regex_text_extract,ok,
Josh Cameron,WR,Baylor,0,https://www.nfl.com/news/nfl-combine-full-list-of-draft-prospects-invited-to-2026-scouting-event,nfl_combine_invite_2026,regex_text_extract,ok,
Josh Cuevas,TE,Alabama,0,https://www.nfl.com/news/nfl-combine-full-list-of-draft-prospects-invited-to-2026-scouting-event,nfl_combine_invite_2026,regex_text_extract,ok,
Joshua Braun,OL,Kentucky,0,https://www.nfl.com/news/nfl-combine-full-list-of-draft-prospects-invited-to-2026-scouting-event,nfl_combine_invite_2026,regex_text_extract,ok,
Joshua Josephs,DL,Tennessee,0,https://www.nfl.com/news/nfl-combine-full-list-of-draft-prospects-invited-to-2026-scouting-event,nfl_combine_invite_2026,regex_text_extract,ok,
Josiah Trotter,LB,Missouri,1,https://www.nfl.com/news/nfl-combine-full-list-of-draft-prospects-invited-to-2026-scouting-event,nfl_combine_invite_2026,regex_text_extract,ok,
Jude Bowry,OL,Boston College,1,https://www.nfl.com/news/nfl-combine-full-list-of-draft-prospects-invited-to-2026-scouting-event,nfl_combine_invite_2026,regex_text_extract,ok,
Julian Neal,DB,Arkansas,0,https://www.nfl.com/news/nfl-combine-full-list-of-draft-prospects-invited-to-2026-scouting-event,nfl_combine_invite_2026,regex_text_extract,ok,
Justin Jefferson,LB,Alabama,0,https://www.nfl.com/news/nfl-combine-full-list-of-draft-prospects-invited-to-2026-scouting-event,nfl_combine_invite_2026,regex_text_extract,ok,
Justin Joly,TE,N.C. State,0,https://www.nfl.com/news/nfl-combine-full-list-of-draft-prospects-invited-to-2026-scouting-event,nfl_combine_invite_2026,regex_text_extract,ok,
KC Concepcion,WR,Texas A&M,1,https://www.nfl.com/news/nfl-combine-full-list-of-draft-prospects-invited-to-2026-scouting-event,nfl_combine_invite_2026,regex_text_extract,ok,
Kaden Wetjen,WR,Iowa,0,https://www.nfl.com/news/nfl-combine-full-list-of-draft-prospects-invited-to-2026-scouting-event,nfl_combine_invite_2026,regex_text_extract,ok,
Kadyn Proctor,OL,Alabama,1,https://www.nfl.com/news/nfl-combine-full-list-of-draft-prospects-invited-to-2026-scouting-event,nfl_combine_invite_2026,regex_text_extract,ok,
Kage Casey,OL,Boise State,1,https://www.nfl.com/news/nfl-combine-full-list-of-draft-prospects-invited-to-2026-scouting-event,nfl_combine_invite_2026,regex_text_extract,ok,
Kaleb Elarms-Orr,LB,TCU,0,https://www.nfl.com/news/nfl-combine-full-list-of-draft-prospects-invited-to-2026-scouting-event,nfl_combine_invite_2026,regex_text_extract,ok,
Kaleb Proctor,DL,Southeastern Louisiana,0,https://www.nfl.com/news/nfl-combine-full-list-of-draft-prospects-invited-to-2026-scouting-event,nfl_combine_invite_2026,regex_text_extract,ok,
Kamari Ramsey,DB,USC,1,https://www.nfl.com/news/nfl-combine-full-list-of-draft-prospects-invited-to-2026-scouting-event,nfl_combine_invite_2026,regex_text_extract,ok,
Karson Sharar,LB,Iowa,0,https://www.nfl.com/news/nfl-combine-full-list-of-draft-prospects-invited-to-2026-scouting-event,nfl_combine_invite_2026,regex_text_extract,ok,
Kayden McDonald,DL,Ohio State,1,https://www.nfl.com/news/nfl-combine-full-list-of-draft-prospects-invited-to-2026-scouting-event,nfl_combine_invite_2026,regex_text_extract,ok,
Kaytron Allen,RB,Penn State,0,https://www.nfl.com/news/nfl-combine-full-list-of-draft-prospects-invited-to-2026-scouting-event,nfl_combine_invite_2026,regex_text_extract,ok,
Keagen Trost,OL,Missouri,0,https://www.nfl.com/news/nfl-combine-full-list-of-draft-prospects-invited-to-2026-scouting-event,nfl_combine_invite_2026,regex_text_extract,ok,
Keionte Scott,DB,Miami,0,https://www.nfl.com/news/nfl-combine-full-list-of-draft-prospects-invited-to-2026-scouting-event,nfl_combine_invite_2026,regex_text_extract,ok,
Keith Abney II,DB,Arizona State,0,https://www.nfl.com/news/nfl-combine-full-list-of-draft-prospects-invited-to-2026-scouting-event,nfl_combine_invite_2026,regex_text_extract,ok,
Keldric Faulk,DL,Auburn,1,https://www.nfl.com/news/nfl-combine-full-list-of-draft-prospects-invited-to-2026-scouting-event,nfl_combine_invite_2026,regex_text_extract,ok,
Kendal Daniels,LB,Oklahoma,0,https://www.nfl.com/news/nfl-combine-full-list-of-draft-prospects-invited-to-2026-scouting-event,nfl_combine_invite_2026,regex_text_extract,ok,
Kendrick Law,WR,Kentucky,0,https://www.nfl.com/news/nfl-combine-full-list-of-draft-prospects-invited-to-2026-scouting-event,nfl_combine_invite_2026,regex_text_extract,ok,
Kenyon Sadiq,TE,Oregon,1,https://www.nfl.com/news/nfl-combine-full-list-of-draft-prospects-invited-to-2026-scouting-event,nfl_combine_invite_2026,regex_text_extract,ok,
Kevin Coleman Jr,WR,Missouri,0,https://www.nfl.com/news/nfl-combine-full-list-of-draft-prospects-invited-to-2026-scouting-event,nfl_combine_invite_2026,regex_text_extract,ok,
Keylan Rutledge,OL,Georgia Tech,0,https://www.nfl.com/news/nfl-combine-full-list-of-draft-prospects-invited-to-2026-scouting-event,nfl_combine_invite_2026,regex_text_extract,ok,
Keyron Crawford,DL,Auburn,0,https://www.nfl.com/news/nfl-combine-full-list-of-draft-prospects-invited-to-2026-scouting-event,nfl_combine_invite_2026,regex_text_extract,ok,
Keyshaun Elliott,LB,Arizona State,0,https://www.nfl.com/news/nfl-combine-full-list-of-draft-prospects-invited-to-2026-scouting-event,nfl_combine_invite_2026,regex_text_extract,ok,
Khalil Dinkins,TE,Penn State,0,https://www.nfl.com/news/nfl-combine-full-list-of-draft-prospects-invited-to-2026-scouting-event,nfl_combine_invite_2026,regex_text_extract,ok,
Kyle Louis,LB,Pittsburgh,1,https://www.nfl.com/news/nfl-combine-full-list-of-draft-prospects-invited-to-2026-scouting-event,nfl_combine_invite_2026,regex_text_extract,ok,
LT Overton,DL,Alabama,0,https://www.nfl.com/news/nfl-combine-full-list-of-draft-prospects-invited-to-2026-scouting-event,nfl_combine_invite_2026,regex_text_extract,ok,
Lake McRee,TE,USC,0,https://www.nfl.com/news/nfl-combine-full-list-of-draft-prospects-invited-to-2026-scouting-event,nfl_combine_invite_2026,regex_text_extract,ok,
Lander Barton,LB,Utah,0,https://www.nfl.com/news/nfl-combine-full-list-of-draft-prospects-invited-to-2026-scouting-event,nfl_combine_invite_2026,regex_text_extract,ok,
Latrell McCutchin Sr,DB,Houston,0,https://www.nfl.com/news/nfl-combine-full-list-of-draft-prospects-invited-to-2026-scouting-event,nfl_combine_invite_2026,regex_text_extract,ok,
Le'Veon Moss,RB,Texas A&M,0,https://www.nfl.com/news/nfl-combine-full-list-of-draft-prospects-invited-to-2026-scouting-event,nfl_combine_invite_2026,regex_text_extract,ok,
Lee Hunter,DL,Texas Tech,0,https://www.nfl.com/news/nfl-combine-full-list-of-draft-prospects-invited-to-2026-scouting-event,nfl_combine_invite_2026,regex_text_extract,ok,
Logan Fano,DL,Utah,1,https://www.nfl.com/news/nfl-combine-full-list-of-draft-prospects-invited-to-2026-scouting-event,nfl_combine_invite_2026,regex_text_extract,ok,
Logan Jones,OL,Iowa,0,https://www.nfl.com/news/nfl-combine-full-list-of-draft-prospects-invited-to-2026-scouting-event,nfl_combine_invite_2026,regex_text_extract,ok,
Logan Taylor,OL,Boston College,0,https://www.nfl.com/news/nfl-combine-full-list-of-draft-prospects-invited-to-2026-scouting-event,nfl_combine_invite_2026,regex_text_extract,ok,
Lorenzo Styles Jr,DB,Ohio State,0,https://www.nfl.com/news/nfl-combine-full-list-of-draft-prospects-invited-to-2026-scouting-event,nfl_combine_invite_2026,regex_text_extract,ok,
Louis Moore,DB,Indiana,0,https://www.nfl.com/news/nfl-combine-full-list-of-draft-prospects-invited-to-2026-scouting-event,nfl_combine_invite_2026,regex_text_extract,ok,
Luke Altmyer,QB,Illinois,0,https://www.nfl.com/news/nfl-combine-full-list-of-draft-prospects-invited-to-2026-scouting-event,nfl_combine_invite_2026,regex_text_extract,ok,
Makai Lemon,WR,USC,1,https://www.nfl.com/news/nfl-combine-full-list-of-draft-prospects-invited-to-2026-scouting-event,nfl_combine_invite_2026,regex_text_extract,ok,
Malachi Fields,WR,Notre Dame,0,https://www.nfl.com/news/nfl-combine-full-list-of-draft-prospects-invited-to-2026-scouting-event,nfl_combine_invite_2026,regex_text_extract,ok,
Malachi Lawrence,DL,UCF,0,https://www.nfl.com/news/nfl-combine-full-list-of-draft-prospects-invited-to-2026-scouting-event,nfl_combine_invite_2026,regex_text_extract,ok,
Malik Benson,WR,Oregon,0,https://www.nfl.com/news/nfl-combine-full-list-of-draft-prospects-invited-to-2026-scouting-event,nfl_combine_invite_2026,regex_text_extract,ok,
Malik Muhammad,DB,Texas,1,https://www.nfl.com/news/nfl-combine-full-list-of-draft-prospects-invited-to-2026-scouting-event,nfl_combine_invite_2026,regex_text_extract,ok,
Mansoor Delane,DB,LSU,0,https://www.nfl.com/news/nfl-combine-full-list-of-draft-prospects-invited-to-2026-scouting-event,nfl_combine_invite_2026,regex_text_extract,ok,
Marcus Allen,DB,North Carolina,0,https://www.nfl.com/news/nfl-combine-full-list-of-draft-prospects-invited-to-2026-scouting-event,nfl_combine_invite_2026,regex_text_extract,ok,
Markel Bell,OL,Miami,0,https://www.nfl.com/news/nfl-combine-full-list-of-draft-prospects-invited-to-2026-scouting-event,nfl_combine_invite_2026,regex_text_extract,ok,
Marlin Klein,TE,Michigan,1,https://www.nfl.com/news/nfl-combine-full-list-of-draft-prospects-invited-to-2026-scouting-event,nfl_combine_invite_2026,regex_text_extract,ok,
Marvin Jones Jr,DL,Oklahoma,0,https://www.nfl.com/news/nfl-combine-full-list-of-draft-prospects-invited-to-2026-scouting-event,nfl_combine_invite_2026,regex_text_extract,ok,
Mason Reiger,DL,Wisconsin,0,https://www.nfl.com/news/nfl-combine-full-list-of-draft-prospects-invited-to-2026-scouting-event,nfl_combine_invite_2026,regex_text_extract,ok,
Matt Gulbin,OL,Michigan State,0,https://www.nfl.com/news/nfl-combine-full-list-of-draft-prospects-invited-to-2026-scouting-event,nfl_combine_invite_2026,regex_text_extract,ok,
Matthew Hibner,TE,SMU,0,https://www.nfl.com/news/nfl-combine-full-list-of-draft-prospects-invited-to-2026-scouting-event,nfl_combine_invite_2026,regex_text_extract,ok,
Max Bredeson,RB,Michigan,0,https://www.nfl.com/news/nfl-combine-full-list-of-draft-prospects-invited-to-2026-scouting-event,nfl_combine_invite_2026,regex_text_extract,ok,
Max Iheanachor,OL,Arizona State,0,https://www.nfl.com/news/nfl-combine-full-list-of-draft-prospects-invited-to-2026-scouting-event,nfl_combine_invite_2026,regex_text_extract,ok,
Max Klare,TE,Ohio State,1,https://www.nfl.com/news/nfl-combine-full-list-of-draft-prospects-invited-to-2026-scouting-event,nfl_combine_invite_2026,regex_text_extract,ok,
Max Llewellyn,DL,Iowa,0,https://www.nfl.com/news/nfl-combine-full-list-of-draft-prospects-invited-to-2026-scouting-event,nfl_combine_invite_2026,regex_text_extract,ok,
Micah Morris,OL,Georgia,0,https://www.nfl.com/news/nfl-combine-full-list-of-draft-prospects-invited-to-2026-scouting-event,nfl_combine_invite_2026,regex_text_extract,ok,
Michael Taaffe,DB,Texas,0,https://www.nfl.com/news/nfl-combine-full-list-of-draft-prospects-invited-to-2026-scouting-event,nfl_combine_invite_2026,regex_text_extract,ok,
Michael Trigg,TE,Baylor,0,https://www.nfl.com/news/nfl-combine-full-list-of-draft-prospects-invited-to-2026-scouting-event,nfl_combine_invite_2026,regex_text_extract,ok,
Mike Washington Jr,RB,Arkansas,0,https://www.nfl.com/news/nfl-combine-full-list-of-draft-prospects-invited-to-2026-scouting-event,nfl_combine_invite_2026,regex_text_extract,ok,
Miles Kitselman,TE,Tennessee,0,https://www.nfl.com/news/nfl-combine-full-list-of-draft-prospects-invited-to-2026-scouting-event,nfl_combine_invite_2026,regex_text_extract,ok,
Monroe Freeling,OL,Georgia,1,https://www.nfl.com/news/nfl-combine-full-list-of-draft-prospects-invited-to-2026-scouting-event,nfl_combine_invite_2026,regex_text_extract,ok,
Nadame Tucker,DL,Western Michigan,0,https://www.nfl.com/news/nfl-combine-full-list-of-draft-prospects-invited-to-2026-scouting-event,nfl_combine_invite_2026,regex_text_extract,ok,
Namdi Obiazor,LB,TCU,0,https://www.nfl.com/news/nfl-combine-full-list-of-draft-prospects-invited-to-2026-scouting-event,nfl_combine_invite_2026,regex_text_extract,ok,
Nate Boerkircher,TE,Texas A&M,0,https://www.nfl.com/news/nfl-combine-full-list-of-draft-prospects-invited-to-2026-scouting-event,nfl_combine_invite_2026,regex_text_extract,ok,
Nicholas Singleton,RB,Penn State,0,https://www.nfl.com/news/nfl-combine-full-list-of-draft-prospects-invited-to-2026-scouting-event,nfl_combine_invite_2026,regex_text_extract,ok,
Nick Barrett,DL,South Carolina,0,https://www.nfl.com/news/nfl-combine-full-list-of-draft-prospects-invited-to-2026-scouting-event,nfl_combine_invite_2026,regex_text_extract,ok,
Noah Whittington,RB,Oregon,0,https://www.nfl.com/news/nfl-combine-full-list-of-draft-prospects-invited-to-2026-scouting-event,nfl_combine_invite_2026,regex_text_extract,ok,
Nyjalik Kelly,DL,UCF,0,https://www.nfl.com/news/nfl-combine-full-list-of-draft-prospects-invited-to-2026-scouting-event,nfl_combine_invite_2026,regex_text_extract,ok,
Olaivavega Ioane,OL,Penn State,1,https://www.nfl.com/news/nfl-combine-full-list-of-draft-prospects-invited-to-2026-scouting-event,nfl_combine_invite_2026,regex_text_extract,ok,
Omar Cooper Jr,WR,Indiana,0,https://www.nfl.com/news/nfl-combine-full-list-of-draft-prospects-invited-to-2026-scouting-event,nfl_combine_invite_2026,regex_text_extract,ok,
Oscar Delp,TE,Georgia,0,https://www.nfl.com/news/nfl-combine-full-list-of-draft-prospects-invited-to-2026-scouting-event,nfl_combine_invite_2026,regex_text_extract,ok,
Owen Heinecke,LB,Oklahoma,0,https://www.nfl.com/news/nfl-combine-full-list-of-draft-prospects-invited-to-2026-scouting-event,nfl_combine_invite_2026,regex_text_extract,ok,
Parker Brailsford,OL,Alabama,1,https://www.nfl.com/news/nfl-combine-full-list-of-draft-prospects-invited-to-2026-scouting-event,nfl_combine_invite_2026,regex_text_extract,ok,
Pat Coogan,OL,Indiana,0,https://www.nfl.com/news/nfl-combine-full-list-of-draft-prospects-invited-to-2026-scouting-event,nfl_combine_invite_2026,regex_text_extract,ok,
Patrick Payton,DL,LSU,0,https://www.nfl.com/news/nfl-combine-full-list-of-draft-prospects-invited-to-2026-scouting-event,nfl_combine_invite_2026,regex_text_extract,ok,
Peter Woods,DL,Clemson,1,https://www.nfl.com/news/nfl-combine-full-list-of-draft-prospects-invited-to-2026-scouting-event,nfl_combine_invite_2026,regex_text_extract,ok,
Quintayvious Hutchins,DL,Boston College,0,https://www.nfl.com/news/nfl-combine-full-list-of-draft-prospects-invited-to-2026-scouting-event,nfl_combine_invite_2026,regex_text_extract,ok,
R Mason Thomas,DL,Oklahoma,0,https://www.nfl.com/news/nfl-combine-full-list-of-draft-prospects-invited-to-2026-scouting-event,nfl_combine_invite_2026,regex_text_extract,ok,
RJ Maryland,TE,SMU,0,https://www.nfl.com/news/nfl-combine-full-list-of-draft-prospects-invited-to-2026-scouting-event,nfl_combine_invite_2026,regex_text_extract,ok,
Rahsul Faison,RB,South Carolina,0,https://www.nfl.com/news/nfl-combine-full-list-of-draft-prospects-invited-to-2026-scouting-event,nfl_combine_invite_2026,regex_text_extract,ok,
Rayshaun Benny,DL,Michigan,0,https://www.nfl.com/news/nfl-combine-full-list-of-draft-prospects-invited-to-2026-scouting-event,nfl_combine_invite_2026,regex_text_extract,ok,
Red Murdock,LB,Buffalo,0,https://www.nfl.com/news/nfl-combine-full-list-of-draft-prospects-invited-to-2026-scouting-event,nfl_combine_invite_2026,regex_text_extract,ok,
Reggie Virgil,WR,Texas Tech,0,https://www.nfl.com/news/nfl-combine-full-list-of-draft-prospects-invited-to-2026-scouting-event,nfl_combine_invite_2026,regex_text_extract,ok,
Riley Nowakowski,TE,Indiana,0,https://www.nfl.com/news/nfl-combine-full-list-of-draft-prospects-invited-to-2026-scouting-event,nfl_combine_invite_2026,regex_text_extract,ok,
Robert Henry Jr,RB,UTSA,0,https://www.nfl.com/news/nfl-combine-full-list-of-draft-prospects-invited-to-2026-scouting-event,nfl_combine_invite_2026,regex_text_extract,ok,
Robert Spears-Jennings,DB,Oklahoma,0,https://www.nfl.com/news/nfl-combine-full-list-of-draft-prospects-invited-to-2026-scouting-event,nfl_combine_invite_2026,regex_text_extract,ok,
Roman Hemby,RB,Indiana,0,https://www.nfl.com/news/nfl-combine-full-list-of-draft-prospects-invited-to-2026-scouting-event,nfl_combine_invite_2026,regex_text_extract,ok,
Romello Height,DL,Texas Tech,0,https://www.nfl.com/news/nfl-combine-full-list-of-draft-prospects-invited-to-2026-scouting-event,nfl_combine_invite_2026,regex_text_extract,ok,
Rueben Bain Jr,DL,Miami,0,https://www.nfl.com/news/nfl-combine-full-list-of-draft-prospects-invited-to-2026-scouting-event,nfl_combine_invite_2026,regex_text_extract,ok,
Ryan Eckley,ST,Michigan State,1,https://www.nfl.com/news/nfl-combine-full-list-of-draft-prospects-invited-to-2026-scouting-event,nfl_combine_invite_2026,regex_text_extract,ok,
Sam Hecht,OL,Kansas State,0,https://www.nfl.com/news/nfl-combine-full-list-of-draft-prospects-invited-to-2026-scouting-event,nfl_combine_invite_2026,regex_text_extract,ok,
Sam Roush,TE,Stanford,0,https://www.nfl.com/news/nfl-combine-full-list-of-draft-prospects-invited-to-2026-scouting-event,nfl_combine_invite_2026,regex_text_extract,ok,
Sawyer Robertson,QB,Baylor,0,https://www.nfl.com/news/nfl-combine-full-list-of-draft-prospects-invited-to-2026-scouting-event,nfl_combine_invite_2026,regex_text_extract,ok,
Scooby Williams,LB,Texas A&M,0,https://www.nfl.com/news/nfl-combine-full-list-of-draft-prospects-invited-to-2026-scouting-event,nfl_combine_invite_2026,regex_text_extract,ok,
Seth McGowan,RB,Kentucky,0,https://www.nfl.com/news/nfl-combine-full-list-of-draft-prospects-invited-to-2026-scouting-event,nfl_combine_invite_2026,regex_text_extract,ok,
Skyler Bell,WR,UConn,0,https://www.nfl.com/news/nfl-combine-full-list-of-draft-prospects-invited-to-2026-scouting-event,nfl_combine_invite_2026,regex_text_extract,ok,
Skyler Gill-Howard,DL,Texas Tech,0,https://www.nfl.com/news/nfl-combine-full-list-of-draft-prospects-invited-to-2026-scouting-event,nfl_combine_invite_2026,regex_text_extract,ok,
Sonny Styles,LB,Ohio State,0,https://www.nfl.com/news/nfl-combine-full-list-of-draft-prospects-invited-to-2026-scouting-event,nfl_combine_invite_2026,regex_text_extract,ok,
Spencer Fano,OL,Utah,1,https://www.nfl.com/news/nfl-combine-full-list-of-draft-prospects-invited-to-2026-scouting-event,nfl_combine_invite_2026,regex_text_extract,ok,
T.J. Parker,DL,Clemson,1,https://www.nfl.com/news/nfl-combine-full-list-of-draft-prospects-invited-to-2026-scouting-event,nfl_combine_invite_2026,regex_text_extract,ok,
TJ Hall,DB,Iowa,0,https://www.nfl.com/news/nfl-combine-full-list-of-draft-prospects-invited-to-2026-scouting-event,nfl_combine_invite_2026,regex_text_extract,ok,
Tacario Davis,DB,Washington,0,https://www.nfl.com/news/nfl-combine-full-list-of-draft-prospects-invited-to-2026-scouting-event,nfl_combine_invite_2026,regex_text_extract,ok,
Tanner Koziol,TE,Houston,0,https://www.nfl.com/news/nfl-combine-full-list-of-draft-prospects-invited-to-2026-scouting-event,nfl_combine_invite_2026,regex_text_extract,ok,
Taurean York,LB,Texas A&M,1,https://www.nfl.com/news/nfl-combine-full-list-of-draft-prospects-invited-to-2026-scouting-event,nfl_combine_invite_2026,regex_text_extract,ok,
Taylen Green,QB,Arkansas,0,https://www.nfl.com/news/nfl-combine-full-list-of-draft-prospects-invited-to-2026-scouting-event,nfl_combine_invite_2026,regex_text_extract,ok,
Ted Hurst,WR,Georgia State,0,https://www.nfl.com/news/nfl-combine-full-list-of-draft-prospects-invited-to-2026-scouting-event,nfl_combine_invite_2026,regex_text_extract,ok,
Thaddeus Dixon,DB,North Carolina,0,https://www.nfl.com/news/nfl-combine-full-list-of-draft-prospects-invited-to-2026-scouting-event,nfl_combine_invite_2026,regex_text_extract,ok,
The NFL released the list of players invited to the 2026 NFL Scouting Combine on Wednesday. A total of 319 prospects have been invited to attend this year's event,,"which will take place in Indianapolis from February 23 through March 2. Here are the invitees, sorted by position",0,https://www.nfl.com/news/nfl-combine-full-list-of-draft-prospects-invited-to-2026-scouting-event,nfl_combine_invite_2026,regex_text_extract,ok,
Tim Keenan III,DL,Alabama,0,https://www.nfl.com/news/nfl-combine-full-list-of-draft-prospects-invited-to-2026-scouting-event,nfl_combine_invite_2026,regex_text_extract,ok,
Tommy Doman Jr,ST,Florida,0,https://www.nfl.com/news/nfl-combine-full-list-of-draft-prospects-invited-to-2026-scouting-event,nfl_combine_invite_2026,regex_text_extract,ok,
Toriano Pride Jr,DB,Missouri,0,https://www.nfl.com/news/nfl-combine-full-list-of-draft-prospects-invited-to-2026-scouting-event,nfl_combine_invite_2026,regex_text_extract,ok,
Travis Burke,OL,Memphis,0,https://www.nfl.com/news/nfl-combine-full-list-of-draft-prospects-invited-to-2026-scouting-event,nfl_combine_invite_2026,regex_text_extract,ok,
Trey Moore,DL,Texas,0,https://www.nfl.com/news/nfl-combine-full-list-of-draft-prospects-invited-to-2026-scouting-event,nfl_combine_invite_2026,regex_text_extract,ok,
Trey Smack,ST,Florida,0,https://www.nfl.com/news/nfl-combine-full-list-of-draft-prospects-invited-to-2026-scouting-event,nfl_combine_invite_2026,regex_text_extract,ok,
Trey Zuhn III,OL,Texas A&M,0,https://www.nfl.com/news/nfl-combine-full-list-of-draft-prospects-invited-to-2026-scouting-event,nfl_combine_invite_2026,regex_text_extract,ok,
Treydan Stukes,DB,Arizona,0,https://www.nfl.com/news/nfl-combine-full-list-of-draft-prospects-invited-to-2026-scouting-event,nfl_combine_invite_2026,regex_text_extract,ok,
Ty Simpson,QB,Alabama,1,https://www.nfl.com/news/nfl-combine-full-list-of-draft-prospects-invited-to-2026-scouting-event,nfl_combine_invite_2026,regex_text_extract,ok,
Tyler Onyedim,DL,Texas A&M,0,https://www.nfl.com/news/nfl-combine-full-list-of-draft-prospects-invited-to-2026-scouting-event,nfl_combine_invite_2026,regex_text_extract,ok,
Tyreak Sapp,DL,Florida,0,https://www.nfl.com/news/nfl-combine-full-list-of-draft-prospects-invited-to-2026-scouting-event,nfl_combine_invite_2026,regex_text_extract,ok,
VJ Payne,DB,Kansas State,0,https://www.nfl.com/news/nfl-combine-full-list-of-draft-prospects-invited-to-2026-scouting-event,nfl_combine_invite_2026,regex_text_extract,ok,
Vincent Anthony Jr,DL,Duke,0,https://www.nfl.com/news/nfl-combine-full-list-of-draft-prospects-invited-to-2026-scouting-event,nfl_combine_invite_2026,regex_text_extract,ok,
Vinny Anthony II,WR,Wisconsin,0,https://www.nfl.com/news/nfl-combine-full-list-of-draft-prospects-invited-to-2026-scouting-event,nfl_combine_invite_2026,regex_text_extract,ok,
Wade Woodaz,LB,Clemson,0,https://www.nfl.com/news/nfl-combine-full-list-of-draft-prospects-invited-to-2026-scouting-event,nfl_combine_invite_2026,regex_text_extract,ok,
Wesley Bissainthe,LB,Miami,0,https://www.nfl.com/news/nfl-combine-full-list-of-draft-prospects-invited-to-2026-scouting-event,nfl_combine_invite_2026,regex_text_extract,ok,
Wesley Williams,DL,Duke,1,https://www.nfl.com/news/nfl-combine-full-list-of-draft-prospects-invited-to-2026-scouting-event,nfl_combine_invite_2026,regex_text_extract,ok,
Will Kacmarek,TE,Ohio State,0,https://www.nfl.com/news/nfl-combine-full-list-of-draft-prospects-invited-to-2026-scouting-event,nfl_combine_invite_2026,regex_text_extract,ok,
Will Lee III,DB,Texas A&M,0,https://www.nfl.com/news/nfl-combine-full-list-of-draft-prospects-invited-to-2026-scouting-event,nfl_combine_invite_2026,regex_text_extract,ok,
Xavian Sorey Jr,LB,Arkansas,0,https://www.nfl.com/news/nfl-combine-full-list-of-draft-prospects-invited-to-2026-scouting-event,nfl_combine_invite_2026,regex_text_extract,ok,
Xavier Nwankpa,DB,Iowa,0,https://www.nfl.com/news/nfl-combine-full-list-of-draft-prospects-invited-to-2026-scouting-event,nfl_combine_invite_2026,regex_text_extract,ok,
Zachariah Branch,WR,Georgia,1,https://www.nfl.com/news/nfl-combine-full-list-of-draft-prospects-invited-to-2026-scouting-event,nfl_combine_invite_2026,regex_text_extract,ok,
Zakee Wheatley,DB,Penn State,0,https://www.nfl.com/news/nfl-combine-full-list-of-draft-prospects-invited-to-2026-scouting-event,nfl_combine_invite_2026,regex_text_extract,ok,
Zane Durant,DL,Penn State,0,https://www.nfl.com/news/nfl-combine-full-list-of-draft-prospects-invited-to-2026-scouting-event,nfl_combine_invite_2026,regex_text_extract,ok,
Zavion Thomas,WR,LSU,0,https://www.nfl.com/news/nfl-combine-full-list-of-draft-prospects-invited-to-2026-scouting-event,nfl_combine_invite_2026,regex_text_extract,ok,
Zion Young,DL,Missouri,0,https://www.nfl.com/news/nfl-combine-full-list-of-draft-prospects-invited-to-2026-scouting-event,nfl_combine_invite_2026,regex_text_extract,ok,
Zxavian Harris,DL,Mississippi,0,https://www.nfl.com/news/nfl-combine-full-list-of-draft-prospects-invited-to-2026-scouting-event,nfl_combine_invite_2026,regex_text_extract,ok,
