source,snapshot_date,source_rank,player_name,school,position,source_url
Bleacher_Report_2026,2026-02-26,1,Fernando Mendoza,Indiana,QB,https://bleacherreport.com/articles/25314815-2026-nfl-draft-quarterback-rankings-and-grades
Bleacher_Report_2026,2026-02-26,78,Avieon Terrell,Clemson,CB,https://bleacherreport.com/articles/25252318-nfl-draft-2026-scouting-report
Bleacher_Report_2026,2026-02-26,78,Beau Stephens,Iowa,IOL,https://bleacherreport.com/articles/25296059-nfl-draft-2026-scouting-report-iowa-iol-beau-stephens//
Bleacher_Report_2026,2026-02-26,78,David Bailey,Texas Tech,EDGE,https://bleacherreport.com/articles/25258657-nfl-draft-2026-scouting-report-texas-tech-edge-
Bleacher_Report_2026,2026-02-26,78,Derrick Moore,Michigan,EDGE,https://bleacherreport.com/articles/25315217-nfl-draft-2026-scouting-report-michigan-edge-derrick-moore/
Bleacher_Report_2026,2026-02-26,78,Jermod McCoy,Tennessee,CB,https://bleacherreport.com/articles/25389365-nfl-draft-2026-scouting-report-tennessee-cb-jermod-mccoy
Bleacher_Report_2026,2026-02-26,78,Joshua Josephs,Tennessee,EDGE,https://bleacherreport.com/articles/25292445-nfl-draft-2026-scouting-report-tennessee-edge-joshua-josephs
Bleacher_Report_2026,2026-02-26,78,Justin Joly,NC State,TE,https://bleacherreport.com/articles/25347491-nfl-draft-2026-scouting-report-nc-state-te-justin-joly
Bleacher_Report_2026,2026-02-26,78,Matayo Uiagalelei,Oregon,EDGE,https://bleacherreport.com/articles/25253246-nfl-draft-2026-sco
Bleacher_Report_2026,2026-02-26,78,Peter Woods,Clemson,DT,https://bleacherreport.com/articles/25248167-nfl-draft-2026-scouting-report-clems
Bleacher_Report_2026,2026-02-26,78,Rueben Bain Jr.,Miami,EDGE,https://bleacherreport.com/articles/25249523-nfl-draft-2026-scouting-report-miami
Bleacher_Report_2026,2026-02-26,78,Spencer Fano,Utah,OT,https://bleacherreport.com/articles/25249795-nfl-draft-2026-scouti
Bleacher_Report_2026,2026-02-26,78,T.J. Parker,Clemson,EDGE,https://bleacherreport.com/articles/25248619-nfl-draft-2026-scouting-report-c
Bleacher_Report_2026,2026-02-26,78,Trinidad Chambliss,Ole Miss,QB,https://bleacherreport.com/articles/25294704-nfl-draft-2026-scouting-report-ole-miss-qb-
CBS_BigBoard_2026,2026-02-26,1,Rueben Bain Jr.,Miami (Fla.),EDGE,https://www.cbssports.com/nfl/draft/news/2026-nfl-draft-top-prospects-big-board-rankings/
CBS_BigBoard_2026,2026-02-26,2,Peter Woods,Clemson,DT,https://www.cbssports.com/nfl/draft/news/2026-nfl-draft-top-prospects-big-board-rankings/
CBS_BigBoard_2026,2026-02-26,3,Fernando Mendoza,Indiana,QB,https://www.cbssports.com/nfl/draft/news/2026-nfl-draft-top-prospects-big-board-rankings/
CBS_BigBoard_2026,2026-02-26,4,Jordyn Tyson,Arizona State,WR,https://www.cbssports.com/nfl/draft/news/2026-nfl-draft-top-prospects-big-board-rankings/
CBS_BigBoard_2026,2026-02-26,5,Caleb Downs,Ohio State,S,https://www.cbssports.com/nfl/draft/news/2026-nfl-draft-top-prospects-big-board-rankings/
CBS_BigBoard_2026,2026-02-26,6,Carnell Tate,Ohio State,WR,https://www.cbssports.com/nfl/draft/news/2026-nfl-draft-top-prospects-big-board-rankings/
CBS_BigBoard_2026,2026-02-26,7,Jermod McCoy,Tennessee,CB,https://www.cbssports.com/nfl/draft/news/2026-nfl-draft-top-prospects-big-board-rankings/
CBS_BigBoard_2026,2026-02-26,8,Francis Mauigoa,Miami (Fla.),OT,https://www.cbssports.com/nfl/draft/news/2026-nfl-draft-top-prospects-big-board-rankings/
CBS_BigBoard_2026,2026-02-26,9,Spencer Fano,Utah,IOL,https://www.cbssports.com/nfl/draft/news/2026-nfl-draft-top-prospects-big-board-rankings/
CBS_BigBoard_2026,2026-02-26,10,Arvell Reese,Ohio State,LB,https://www.cbssports.com/nfl/draft/news/2026-nfl-draft-top-prospects-big-board-rankings/
CBS_BigBoard_2026,2026-02-26,11,Keldric Faulk,Auburn,EDGE,https://www.cbssports.com/nfl/draft/news/2026-nfl-draft-top-prospects-big-board-rankings/
CBS_BigBoard_2026,2026-02-26,12,Ty Simpson,Alabama,QB,https://www.cbssports.com/nfl/draft/news/2026-nfl-draft-top-prospects-big-board-rankings/
CBS_BigBoard_2026,2026-02-26,13,Dante Moore,Oregon,QB,https://www.cbssports.com/nfl/draft/news/2026-nfl-draft-top-prospects-big-board-rankings/
CBS_BigBoard_2026,2026-02-26,14,Jeremiyah Love,Notre Dame,RB,https://www.cbssports.com/nfl/draft/news/2026-nfl-draft-top-prospects-big-board-rankings/
CBS_BigBoard_2026,2026-02-26,15,T.J. Parker,Clemson,EDGE,https://www.cbssports.com/nfl/draft/news/2026-nfl-draft-top-prospects-big-board-rankings/
CBS_BigBoard_2026,2026-02-26,16,Olaivavega Ioane,Penn State,IOL,https://www.cbssports.com/nfl/draft/news/2026-nfl-draft-top-prospects-big-board-rankings/
CBS_BigBoard_2026,2026-02-26,17,Makai Lemon,USC,WR,https://www.cbssports.com/nfl/draft/news/2026-nfl-draft-top-prospects-big-board-rankings/
CBS_BigBoard_2026,2026-02-26,18,Caleb Lomu,Utah,OT,https://www.cbssports.com/nfl/draft/news/2026-nfl-draft-top-prospects-big-board-rankings/
CBS_BigBoard_2026,2026-02-26,19,Avieon Terrell,Clemson,CB,https://www.cbssports.com/nfl/draft/news/2026-nfl-draft-top-prospects-big-board-rankings/
CBS_BigBoard_2026,2026-02-26,20,Chris Brazzell II,Tennessee,WR,https://www.cbssports.com/nfl/draft/news/2026-nfl-draft-top-prospects-big-board-rankings/
CBS_BigBoard_2026,2026-02-26,21,Kadyn Proctor,Alabama,IOL,https://www.cbssports.com/nfl/draft/news/2026-nfl-draft-top-prospects-big-board-rankings/
CBS_BigBoard_2026,2026-02-26,22,Emmanuel Pregnon,Oregon,IOL,https://www.cbssports.com/nfl/draft/news/2026-nfl-draft-top-prospects-big-board-rankings/
CBS_BigBoard_2026,2026-02-26,23,Matayo Uiagalelei,Oregon,EDGE,https://www.cbssports.com/nfl/draft/news/2026-nfl-draft-top-prospects-big-board-rankings/
CBS_BigBoard_2026,2026-02-26,24,CJ Allen,Georgia,LB,https://www.cbssports.com/nfl/draft/news/2026-nfl-draft-top-prospects-big-board-rankings/
CBS_BigBoard_2026,2026-02-26,25,Cashius Howell,Texas A&M,EDGE,https://www.cbssports.com/nfl/draft/news/2026-nfl-draft-top-prospects-big-board-rankings/
CBS_BigBoard_2026,2026-02-26,26,David Bailey,Texas Tech,EDGE,https://www.cbssports.com/nfl/draft/news/2026-nfl-draft-top-prospects-big-board-rankings/
CBS_BigBoard_2026,2026-02-26,27,Max Klare,Ohio State,TE,https://www.cbssports.com/nfl/draft/news/2026-nfl-draft-top-prospects-big-board-rankings/
CBS_BigBoard_2026,2026-02-26,28,Jake Golday,Cincinnati,LB,https://www.cbssports.com/nfl/draft/news/2026-nfl-draft-top-prospects-big-board-rankings/
CBS_BigBoard_2026,2026-02-26,29,Joshua Josephs,Tennessee,EDGE,https://www.cbssports.com/nfl/draft/news/2026-nfl-draft-top-prospects-big-board-rankings/
CBS_BigBoard_2026,2026-02-26,30,Sonny Styles,Ohio State,LB,https://www.cbssports.com/nfl/draft/news/2026-nfl-draft-top-prospects-big-board-rankings/
CBS_BigBoard_2026,2026-02-26,31,Trevor Goosby,Texas,OT,https://www.cbssports.com/nfl/draft/news/2026-nfl-draft-top-prospects-big-board-rankings/
CBS_BigBoard_2026,2026-02-26,32,Eric Singleton Jr.,Auburn,WR,https://www.cbssports.com/nfl/draft/news/2026-nfl-draft-top-prospects-big-board-rankings/
CBS_BigBoard_2026,2026-02-26,33,Emmanuel McNeil-Warren,Toledo,S,https://www.cbssports.com/nfl/draft/news/2026-nfl-draft-top-prospects-big-board-rankings/
CBS_BigBoard_2026,2026-02-26,34,Kayden McDonald,Ohio State,DT,https://www.cbssports.com/nfl/draft/news/2026-nfl-draft-top-prospects-big-board-rankings/
CBS_BigBoard_2026,2026-02-26,35,Omar Cooper Jr.,Indiana,WR,https://www.cbssports.com/nfl/draft/news/2026-nfl-draft-top-prospects-big-board-rankings/
CBS_BigBoard_2026,2026-02-26,36,Denzel Boston,Washington,WR,https://www.cbssports.com/nfl/draft/news/2026-nfl-draft-top-prospects-big-board-rankings/
CBS_BigBoard_2026,2026-02-26,37,Michael Trigg,Baylor,TE,https://www.cbssports.com/nfl/draft/news/2026-nfl-draft-top-prospects-big-board-rankings/
CBS_BigBoard_2026,2026-02-26,38,Mansoor Delane,LSU,CB,https://www.cbssports.com/nfl/draft/news/2026-nfl-draft-top-prospects-big-board-rankings/
CBS_BigBoard_2026,2026-02-26,39,Anthony Hill Jr.,Texas,LB,https://www.cbssports.com/nfl/draft/news/2026-nfl-draft-top-prospects-big-board-rankings/
CBS_BigBoard_2026,2026-02-26,40,Kade Pieper,Iowa,IOL,https://www.cbssports.com/nfl/draft/news/2026-nfl-draft-top-prospects-big-board-rankings/
CBS_BigBoard_2026,2026-02-26,41,Colton Hood,Tennessee,CB,https://www.cbssports.com/nfl/draft/news/2026-nfl-draft-top-prospects-big-board-rankings/
CBS_BigBoard_2026,2026-02-26,42,Quincy Rhodes Jr.,Arkansas,EDGE,https://www.cbssports.com/nfl/draft/news/2026-nfl-draft-top-prospects-big-board-rankings/
CBS_BigBoard_2026,2026-02-26,43,Romello Height,Texas Tech,EDGE,https://www.cbssports.com/nfl/draft/news/2026-nfl-draft-top-prospects-big-board-rankings/
CBS_BigBoard_2026,2026-02-26,44,Ja'Kobi Lane,USC,WR,https://www.cbssports.com/nfl/draft/news/2026-nfl-draft-top-prospects-big-board-rankings/
CBS_BigBoard_2026,2026-02-26,45,KC Concepcion,Texas A&M,WR,https://www.cbssports.com/nfl/draft/news/2026-nfl-draft-top-prospects-big-board-rankings/
CBS_BigBoard_2026,2026-02-26,46,D'Angelo Ponds,Indiana,CB,https://www.cbssports.com/nfl/draft/news/2026-nfl-draft-top-prospects-big-board-rankings/
CBS_BigBoard_2026,2026-02-26,47,Genesis Smith,Arizona,S,https://www.cbssports.com/nfl/draft/news/2026-nfl-draft-top-prospects-big-board-rankings/
CBS_BigBoard_2026,2026-02-26,48,Parker Brailsford,Alabama,IOL,https://www.cbssports.com/nfl/draft/news/2026-nfl-draft-top-prospects-big-board-rankings/
CBS_BigBoard_2026,2026-02-26,49,A'Mauri Washington,Oregon,DT,https://www.cbssports.com/nfl/draft/news/2026-nfl-draft-top-prospects-big-board-rankings/
CBS_BigBoard_2026,2026-02-26,50,Josiah Trotter,Missouri,LB,https://www.cbssports.com/nfl/draft/news/2026-nfl-draft-top-prospects-big-board-rankings/
CBS_BigBoard_2026,2026-02-26,51,Christen Miller,Georgia,DT,https://www.cbssports.com/nfl/draft/news/2026-nfl-draft-top-prospects-big-board-rankings/
CBS_BigBoard_2026,2026-02-26,52,Kenyon Sadiq,Oregon,TE,https://www.cbssports.com/nfl/draft/news/2026-nfl-draft-top-prospects-big-board-rankings/
CBS_BigBoard_2026,2026-02-26,53,Mateen Ibirogba,Wake Forest,DT,https://www.cbssports.com/nfl/draft/news/2026-nfl-draft-top-prospects-big-board-rankings/
CBS_BigBoard_2026,2026-02-26,54,Iapani Laloulu,Oregon,IOL,https://www.cbssports.com/nfl/draft/news/2026-nfl-draft-top-prospects-big-board-rankings/
CBS_BigBoard_2026,2026-02-26,55,Eli Stowers,Vanderbilt,TE,https://www.cbssports.com/nfl/draft/news/2026-nfl-draft-top-prospects-big-board-rankings/
CBS_BigBoard_2026,2026-02-26,56,Josh Hoover,TCU,QB,https://www.cbssports.com/nfl/draft/news/2026-nfl-draft-top-prospects-big-board-rankings/
CBS_BigBoard_2026,2026-02-26,57,Keionte Scott,Miami (Fla.),S,https://www.cbssports.com/nfl/draft/news/2026-nfl-draft-top-prospects-big-board-rankings/
CBS_BigBoard_2026,2026-02-26,58,Cayden Green,Missouri,IOL,https://www.cbssports.com/nfl/draft/news/2026-nfl-draft-top-prospects-big-board-rankings/
CBS_BigBoard_2026,2026-02-26,59,Eric Rivers,Georgia Tech,WR,https://www.cbssports.com/nfl/draft/news/2026-nfl-draft-top-prospects-big-board-rankings/
CBS_BigBoard_2026,2026-02-26,60,A.J. Haulcy,LSU,S,https://www.cbssports.com/nfl/draft/news/2026-nfl-draft-top-prospects-big-board-rankings/
CBS_BigBoard_2026,2026-02-26,61,John Mateer,Oklahoma,QB,https://www.cbssports.com/nfl/draft/news/2026-nfl-draft-top-prospects-big-board-rankings/
CBS_BigBoard_2026,2026-02-26,62,Bear Alexander,Oregon,DT,https://www.cbssports.com/nfl/draft/news/2026-nfl-draft-top-prospects-big-board-rankings/
CBS_BigBoard_2026,2026-02-26,63,Caleb Tiernan,Northwestern,OT,https://www.cbssports.com/nfl/draft/news/2026-nfl-draft-top-prospects-big-board-rankings/
CBS_BigBoard_2026,2026-02-26,64,Dillon Thieneman,Oregon,S,https://www.cbssports.com/nfl/draft/news/2026-nfl-draft-top-prospects-big-board-rankings/
CBS_BigBoard_2026,2026-02-26,65,Caleb Banks,Florida,DT,https://www.cbssports.com/nfl/draft/news/2026-nfl-draft-top-prospects-big-board-rankings/
CBS_BigBoard_2026,2026-02-26,66,Brandon Cisse,South Carolina,CB,https://www.cbssports.com/nfl/draft/news/2026-nfl-draft-top-prospects-big-board-rankings/
CBS_BigBoard_2026,2026-02-26,67,R Mason Thomas,Oklahoma,EDGE,https://www.cbssports.com/nfl/draft/news/2026-nfl-draft-top-prospects-big-board-rankings/
CBS_BigBoard_2026,2026-02-26,68,Alex Harkey,Oregon,IOL,https://www.cbssports.com/nfl/draft/news/2026-nfl-draft-top-prospects-big-board-rankings/
CBS_BigBoard_2026,2026-02-26,69,Hollywood Smothers,N.C. State,RB,https://www.cbssports.com/nfl/draft/news/2026-nfl-draft-top-prospects-big-board-rankings/
CBS_BigBoard_2026,2026-02-26,70,Connor Lew,Auburn,IOL,https://www.cbssports.com/nfl/draft/news/2026-nfl-draft-top-prospects-big-board-rankings/
CBS_BigBoard_2026,2026-02-26,71,Julian Neal,Arkansas,CB,https://www.cbssports.com/nfl/draft/news/2026-nfl-draft-top-prospects-big-board-rankings/
CBS_BigBoard_2026,2026-02-26,72,Chris Bell,Louisville,WR,https://www.cbssports.com/nfl/draft/news/2026-nfl-draft-top-prospects-big-board-rankings/
CBS_BigBoard_2026,2026-02-26,73,Anto Saka,Northwestern,EDGE,https://www.cbssports.com/nfl/draft/news/2026-nfl-draft-top-prospects-big-board-rankings/
CBS_BigBoard_2026,2026-02-26,74,Malik Muhammad,Texas,CB,https://www.cbssports.com/nfl/draft/news/2026-nfl-draft-top-prospects-big-board-rankings/
CBS_BigBoard_2026,2026-02-26,75,Ethan Burke,Texas,EDGE,https://www.cbssports.com/nfl/draft/news/2026-nfl-draft-top-prospects-big-board-rankings/
CBS_BigBoard_2026,2026-02-26,76,Demond Claiborne,Wake Forest,RB,https://www.cbssports.com/nfl/draft/news/2026-nfl-draft-top-prospects-big-board-rankings/
CBS_BigBoard_2026,2026-02-26,77,Lee Hunter,Texas Tech,DT,https://www.cbssports.com/nfl/draft/news/2026-nfl-draft-top-prospects-big-board-rankings/
CBS_BigBoard_2026,2026-02-26,78,Antonio Williams,Clemson,WR,https://www.cbssports.com/nfl/draft/news/2026-nfl-draft-top-prospects-big-board-rankings/
CBS_BigBoard_2026,2026-02-26,79,Anthony Lucas,USC,EDGE,https://www.cbssports.com/nfl/draft/news/2026-nfl-draft-top-prospects-big-board-rankings/
CBS_BigBoard_2026,2026-02-26,80,Zakee Wheatley,Penn State,S,https://www.cbssports.com/nfl/draft/news/2026-nfl-draft-top-prospects-big-board-rankings/
CBS_BigBoard_2026,2026-02-26,81,Chris Johnson,San Diego State,CB,https://www.cbssports.com/nfl/draft/news/2026-nfl-draft-top-prospects-big-board-rankings/
CBS_BigBoard_2026,2026-02-26,82,Terrance Carter Jr.,Texas Tech,TE,https://www.cbssports.com/nfl/draft/news/2026-nfl-draft-top-prospects-big-board-rankings/
CBS_BigBoard_2026,2026-02-26,83,Jamel Johnson,TCU,S,https://www.cbssports.com/nfl/draft/news/2026-nfl-draft-top-prospects-big-board-rankings/
CBS_BigBoard_2026,2026-02-26,84,LT Overton,Alabama,DT,https://www.cbssports.com/nfl/draft/news/2026-nfl-draft-top-prospects-big-board-rankings/
CBS_BigBoard_2026,2026-02-26,85,Akheem Mesidor,Miami (Fla.),EDGE,https://www.cbssports.com/nfl/draft/news/2026-nfl-draft-top-prospects-big-board-rankings/
CBS_BigBoard_2026,2026-02-26,86,Kevin Coleman Jr.,Missouri,WR,https://www.cbssports.com/nfl/draft/news/2026-nfl-draft-top-prospects-big-board-rankings/
CBS_BigBoard_2026,2026-02-26,87,Hero Kanu,Texas,DT,https://www.cbssports.com/nfl/draft/news/2026-nfl-draft-top-prospects-big-board-rankings/
CBS_BigBoard_2026,2026-02-26,88,Suntarine Perkins,Ole Miss,LB,https://www.cbssports.com/nfl/draft/news/2026-nfl-draft-top-prospects-big-board-rankings/
CBS_BigBoard_2026,2026-02-26,89,Jadarian Price,Notre Dame,RB,https://www.cbssports.com/nfl/draft/news/2026-nfl-draft-top-prospects-big-board-rankings/
CBS_BigBoard_2026,2026-02-26,90,Jaishawn Barham,Michigan,LB,https://www.cbssports.com/nfl/draft/news/2026-nfl-draft-top-prospects-big-board-rankings/
CBS_BigBoard_2026,2026-02-26,91,Chase Bisontis,Texas A&M,IOL,https://www.cbssports.com/nfl/draft/news/2026-nfl-draft-top-prospects-big-board-rankings/
CBS_BigBoard_2026,2026-02-26,92,Red Murdock,Buffalo,LB,https://www.cbssports.com/nfl/draft/news/2026-nfl-draft-top-prospects-big-board-rankings/
CBS_BigBoard_2026,2026-02-26,93,Dontay Corleone,Cincinnati,DT,https://www.cbssports.com/nfl/draft/news/2026-nfl-draft-top-prospects-big-board-rankings/
CBS_BigBoard_2026,2026-02-26,94,Keith Abney II,Arizona State,CB,https://www.cbssports.com/nfl/draft/news/2026-nfl-draft-top-prospects-big-board-rankings/
CBS_BigBoard_2026,2026-02-26,95,Carter Smith,Indiana,IOL,https://www.cbssports.com/nfl/draft/news/2026-nfl-draft-top-prospects-big-board-rankings/
CBS_BigBoard_2026,2026-02-26,96,Jahiem Lawson,Clemson,EDGE,https://www.cbssports.com/nfl/draft/news/2026-nfl-draft-top-prospects-big-board-rankings/
CBS_BigBoard_2026,2026-02-26,97,Trey Zuhn III,Texas A&M,IOL,https://www.cbssports.com/nfl/draft/news/2026-nfl-draft-top-prospects-big-board-rankings/
CBS_BigBoard_2026,2026-02-26,98,AJ Harris,Penn State,CB,https://www.cbssports.com/nfl/draft/news/2026-nfl-draft-top-prospects-big-board-rankings/
CBS_BigBoard_2026,2026-02-26,99,Devin Moore,Florida,CB,https://www.cbssports.com/nfl/draft/news/2026-nfl-draft-top-prospects-big-board-rankings/
CBS_BigBoard_2026,2026-02-26,100,Clev Lubin,Louisville,EDGE,https://www.cbssports.com/nfl/draft/news/2026-nfl-draft-top-prospects-big-board-rankings/
CBS_Wilson_BigBoard_2026,2026-02-26,1,Fernando Mendoza,Indiana,QB,https://www.cbssports.com/nfl/draft/news/wilsons-2026-nfl-draft-big-board-top-125-prospect-rankings/
CBS_Wilson_BigBoard_2026,2026-02-26,2,Arvell Reese,Ohio State,LB,https://www.cbssports.com/nfl/draft/news/wilsons-2026-nfl-draft-big-board-top-125-prospect-rankings/
CBS_Wilson_BigBoard_2026,2026-02-26,3,Caleb Downs,Ohio State,S,https://www.cbssports.com/nfl/draft/news/wilsons-2026-nfl-draft-big-board-top-125-prospect-rankings/
CBS_Wilson_BigBoard_2026,2026-02-26,4,David Bailey,Texas Tech,EDGE,https://www.cbssports.com/nfl/draft/news/wilsons-2026-nfl-draft-big-board-top-125-prospect-rankings/
CBS_Wilson_BigBoard_2026,2026-02-26,5,Francis Mauigoa,Miami,OT,https://www.cbssports.com/nfl/draft/news/wilsons-2026-nfl-draft-big-board-top-125-prospect-rankings/
CBS_Wilson_BigBoard_2026,2026-02-26,6,Peter Woods,Clemson,DT,https://www.cbssports.com/nfl/draft/news/wilsons-2026-nfl-draft-big-board-top-125-prospect-rankings/
CBS_Wilson_BigBoard_2026,2026-02-26,7,Rueben Bain Jr.,Miami,EDGE,https://www.cbssports.com/nfl/draft/news/wilsons-2026-nfl-draft-big-board-top-125-prospect-rankings/
CBS_Wilson_BigBoard_2026,2026-02-26,8,Sonny Styles,Ohio State,LB,https://www.cbssports.com/nfl/draft/news/wilsons-2026-nfl-draft-big-board-top-125-prospect-rankings/
CBS_Wilson_BigBoard_2026,2026-02-26,9,Mansoor Delane,LSU,CB,https://www.cbssports.com/nfl/draft/news/wilsons-2026-nfl-draft-big-board-top-125-prospect-rankings/
CBS_Wilson_BigBoard_2026,2026-02-26,10,Spencer Fano,Utah,OT,https://www.cbssports.com/nfl/draft/news/wilsons-2026-nfl-draft-big-board-top-125-prospect-rankings/
CBS_Wilson_BigBoard_2026,2026-02-26,11,Jeremiyah Love,Notre Dame,RB,https://www.cbssports.com/nfl/draft/news/wilsons-2026-nfl-draft-big-board-top-125-prospect-rankings/
CBS_Wilson_BigBoard_2026,2026-02-26,12,Caleb Lomu,Utah,OT,https://www.cbssports.com/nfl/draft/news/wilsons-2026-nfl-draft-big-board-top-125-prospect-rankings/
CBS_Wilson_BigBoard_2026,2026-02-26,13,Carnell Tate,Ohio State,WR,https://www.cbssports.com/nfl/draft/news/wilsons-2026-nfl-draft-big-board-top-125-prospect-rankings/
CBS_Wilson_BigBoard_2026,2026-02-26,14,Jermod McCoy,Tennessee,CB,https://www.cbssports.com/nfl/draft/news/wilsons-2026-nfl-draft-big-board-top-125-prospect-rankings/
CBS_Wilson_BigBoard_2026,2026-02-26,15,Caleb Banks,Florida,DT,https://www.cbssports.com/nfl/draft/news/wilsons-2026-nfl-draft-big-board-top-125-prospect-rankings/
CBS_Wilson_BigBoard_2026,2026-02-26,16,Makai Lemon,USC,WR,https://www.cbssports.com/nfl/draft/news/wilsons-2026-nfl-draft-big-board-top-125-prospect-rankings/
CBS_Wilson_BigBoard_2026,2026-02-26,17,Keldric Faulk,Auburn,EDGE,https://www.cbssports.com/nfl/draft/news/wilsons-2026-nfl-draft-big-board-top-125-prospect-rankings/
CBS_Wilson_BigBoard_2026,2026-02-26,18,Kadyn Proctor,Alabama,OT,https://www.cbssports.com/nfl/draft/news/wilsons-2026-nfl-draft-big-board-top-125-prospect-rankings/
CBS_Wilson_BigBoard_2026,2026-02-26,19,Olaivavega Ioane,Penn State,IOL,https://www.cbssports.com/nfl/draft/news/wilsons-2026-nfl-draft-big-board-top-125-prospect-rankings/
CBS_Wilson_BigBoard_2026,2026-02-26,20,Brandon Cisse,South Carolina,CB,https://www.cbssports.com/nfl/draft/news/wilsons-2026-nfl-draft-big-board-top-125-prospect-rankings/
CBS_Wilson_BigBoard_2026,2026-02-26,21,Denzel Boston,Washington,WR,https://www.cbssports.com/nfl/draft/news/wilsons-2026-nfl-draft-big-board-top-125-prospect-rankings/
CBS_Wilson_BigBoard_2026,2026-02-26,22,Emmanuel Pregnon,Oregon,IOL,https://www.cbssports.com/nfl/draft/news/wilsons-2026-nfl-draft-big-board-top-125-prospect-rankings/
CBS_Wilson_BigBoard_2026,2026-02-26,23,Colton Hood,Tennessee,CB,https://www.cbssports.com/nfl/draft/news/wilsons-2026-nfl-draft-big-board-top-125-prospect-rankings/
CBS_Wilson_BigBoard_2026,2026-02-26,24,Jordyn Tyson,Arizona State,WR,https://www.cbssports.com/nfl/draft/news/wilsons-2026-nfl-draft-big-board-top-125-prospect-rankings/
CBS_Wilson_BigBoard_2026,2026-02-26,25,T.J. Parker,Clemson,EDGE,https://www.cbssports.com/nfl/draft/news/wilsons-2026-nfl-draft-big-board-top-125-prospect-rankings/
CBS_Wilson_BigBoard_2026,2026-02-26,26,Kayden McDonald,Ohio State,DT,https://www.cbssports.com/nfl/draft/news/wilsons-2026-nfl-draft-big-board-top-125-prospect-rankings/
CBS_Wilson_BigBoard_2026,2026-02-26,27,CJ Allen,Georgia,LB,https://www.cbssports.com/nfl/draft/news/wilsons-2026-nfl-draft-big-board-top-125-prospect-rankings/
CBS_Wilson_BigBoard_2026,2026-02-26,28,KC Concepcion,Texas A&M,WR,https://www.cbssports.com/nfl/draft/news/wilsons-2026-nfl-draft-big-board-top-125-prospect-rankings/
CBS_Wilson_BigBoard_2026,2026-02-26,29,Julian Neal,Arkansas,CB,https://www.cbssports.com/nfl/draft/news/wilsons-2026-nfl-draft-big-board-top-125-prospect-rankings/
CBS_Wilson_BigBoard_2026,2026-02-26,30,Avieon Terrell,Clemson,CB,https://www.cbssports.com/nfl/draft/news/wilsons-2026-nfl-draft-big-board-top-125-prospect-rankings/
CBS_Wilson_BigBoard_2026,2026-02-26,31,Kenyon Sadiq,Oregon,TE,https://www.cbssports.com/nfl/draft/news/wilsons-2026-nfl-draft-big-board-top-125-prospect-rankings/
CBS_Wilson_BigBoard_2026,2026-02-26,32,Monroe Freeling,Georgia,OT,https://www.cbssports.com/nfl/draft/news/wilsons-2026-nfl-draft-big-board-top-125-prospect-rankings/
CBS_Wilson_BigBoard_2026,2026-02-26,33,Ty Simpson,Alabama,QB,https://www.cbssports.com/nfl/draft/news/wilsons-2026-nfl-draft-big-board-top-125-prospect-rankings/
CBS_Wilson_BigBoard_2026,2026-02-26,34,Max Iheanachor,Arizona State,OT,https://www.cbssports.com/nfl/draft/news/wilsons-2026-nfl-draft-big-board-top-125-prospect-rankings/
CBS_Wilson_BigBoard_2026,2026-02-26,35,Blake Miller,Clemson,OT,https://www.cbssports.com/nfl/draft/news/wilsons-2026-nfl-draft-big-board-top-125-prospect-rankings/
CBS_Wilson_BigBoard_2026,2026-02-26,36,Kendal Daniels,Oklahoma,LB,https://www.cbssports.com/nfl/draft/news/wilsons-2026-nfl-draft-big-board-top-125-prospect-rankings/
CBS_Wilson_BigBoard_2026,2026-02-26,37,Emmanuel McNeil-Warren,Toledo,S,https://www.cbssports.com/nfl/draft/news/wilsons-2026-nfl-draft-big-board-top-125-prospect-rankings/
CBS_Wilson_BigBoard_2026,2026-02-26,38,Jadarian Price,Notre Dame,RB,https://www.cbssports.com/nfl/draft/news/wilsons-2026-nfl-draft-big-board-top-125-prospect-rankings/
CBS_Wilson_BigBoard_2026,2026-02-26,39,Akheem Mesidor,Miami,EDGE,https://www.cbssports.com/nfl/draft/news/wilsons-2026-nfl-draft-big-board-top-125-prospect-rankings/
CBS_Wilson_BigBoard_2026,2026-02-26,40,Chris Brazzell II,Tennessee,WR,https://www.cbssports.com/nfl/draft/news/wilsons-2026-nfl-draft-big-board-top-125-prospect-rankings/
CBS_Wilson_BigBoard_2026,2026-02-26,41,Cashius Howell,Texas A&M,EDGE,https://www.cbssports.com/nfl/draft/news/wilsons-2026-nfl-draft-big-board-top-125-prospect-rankings/
CBS_Wilson_BigBoard_2026,2026-02-26,42,Jonah Coleman,Washington,RB,https://www.cbssports.com/nfl/draft/news/wilsons-2026-nfl-draft-big-board-top-125-prospect-rankings/
CBS_Wilson_BigBoard_2026,2026-02-26,43,Omar Cooper Jr.,Indiana,WR,https://www.cbssports.com/nfl/draft/news/wilsons-2026-nfl-draft-big-board-top-125-prospect-rankings/
CBS_Wilson_BigBoard_2026,2026-02-26,44,A.J. Haulcy,LSU,S,https://www.cbssports.com/nfl/draft/news/wilsons-2026-nfl-draft-big-board-top-125-prospect-rankings/
CBS_Wilson_BigBoard_2026,2026-02-26,45,R Mason Thomas,Oklahoma,EDGE,https://www.cbssports.com/nfl/draft/news/wilsons-2026-nfl-draft-big-board-top-125-prospect-rankings/
CBS_Wilson_BigBoard_2026,2026-02-26,46,Ted Hurst,Georgia State,WR,https://www.cbssports.com/nfl/draft/news/wilsons-2026-nfl-draft-big-board-top-125-prospect-rankings/
CBS_Wilson_BigBoard_2026,2026-02-26,47,Darrell Jackson Jr.,Florida State,DT,https://www.cbssports.com/nfl/draft/news/wilsons-2026-nfl-draft-big-board-top-125-prospect-rankings/
CBS_Wilson_BigBoard_2026,2026-02-26,48,Treydan Stukes,Arizona,CB,https://www.cbssports.com/nfl/draft/news/wilsons-2026-nfl-draft-big-board-top-125-prospect-rankings/
CBS_Wilson_BigBoard_2026,2026-02-26,49,Beau Stephens,Iowa,IOL,https://www.cbssports.com/nfl/draft/news/wilsons-2026-nfl-draft-big-board-top-125-prospect-rankings/
CBS_Wilson_BigBoard_2026,2026-02-26,50,Devin Moore,Florida,CB,https://www.cbssports.com/nfl/draft/news/wilsons-2026-nfl-draft-big-board-top-125-prospect-rankings/
CBS_Wilson_BigBoard_2026,2026-02-26,51,Domonique Orange,Iowa State,DT,https://www.cbssports.com/nfl/draft/news/wilsons-2026-nfl-draft-big-board-top-125-prospect-rankings/
CBS_Wilson_BigBoard_2026,2026-02-26,52,Malik Muhammad,Texas,CB,https://www.cbssports.com/nfl/draft/news/wilsons-2026-nfl-draft-big-board-top-125-prospect-rankings/
CBS_Wilson_BigBoard_2026,2026-02-26,53,Chris Johnson,San Diego State,CB,https://www.cbssports.com/nfl/draft/news/wilsons-2026-nfl-draft-big-board-top-125-prospect-rankings/
CBS_Wilson_BigBoard_2026,2026-02-26,54,Ephesians Prysock,Washington,CB,https://www.cbssports.com/nfl/draft/news/wilsons-2026-nfl-draft-big-board-top-125-prospect-rankings/
CBS_Wilson_BigBoard_2026,2026-02-26,55,Jeremiah Wright,Auburn,IOL,https://www.cbssports.com/nfl/draft/news/wilsons-2026-nfl-draft-big-board-top-125-prospect-rankings/
CBS_Wilson_BigBoard_2026,2026-02-26,56,Lee Hunter,Texas Tech,DT,https://www.cbssports.com/nfl/draft/news/wilsons-2026-nfl-draft-big-board-top-125-prospect-rankings/
CBS_Wilson_BigBoard_2026,2026-02-26,57,Davison Igbinosun,Ohio State,CB,https://www.cbssports.com/nfl/draft/news/wilsons-2026-nfl-draft-big-board-top-125-prospect-rankings/
CBS_Wilson_BigBoard_2026,2026-02-26,58,Keagen Trost,Missouri,OT,https://www.cbssports.com/nfl/draft/news/wilsons-2026-nfl-draft-big-board-top-125-prospect-rankings/
CBS_Wilson_BigBoard_2026,2026-02-26,59,Malachi Lawrence,UCF,EDGE,https://www.cbssports.com/nfl/draft/news/wilsons-2026-nfl-draft-big-board-top-125-prospect-rankings/
CBS_Wilson_BigBoard_2026,2026-02-26,60,Nick Barrett,South Carolina,DT,https://www.cbssports.com/nfl/draft/news/wilsons-2026-nfl-draft-big-board-top-125-prospect-rankings/
CBS_Wilson_BigBoard_2026,2026-02-26,61,Hezekiah Masses,California,CB,https://www.cbssports.com/nfl/draft/news/wilsons-2026-nfl-draft-big-board-top-125-prospect-rankings/
CBS_Wilson_BigBoard_2026,2026-02-26,62,Keyron Crawford,Auburn,EDGE,https://www.cbssports.com/nfl/draft/news/wilsons-2026-nfl-draft-big-board-top-125-prospect-rankings/
CBS_Wilson_BigBoard_2026,2026-02-26,63,Fernando Carmona,Arkansas,IOL,https://www.cbssports.com/nfl/draft/news/wilsons-2026-nfl-draft-big-board-top-125-prospect-rankings/
CBS_Wilson_BigBoard_2026,2026-02-26,64,Pat Coogan,Indiana,IOL,https://www.cbssports.com/nfl/draft/news/wilsons-2026-nfl-draft-big-board-top-125-prospect-rankings/
CBS_Wilson_BigBoard_2026,2026-02-26,65,TJ Hall,Iowa,CB,https://www.cbssports.com/nfl/draft/news/wilsons-2026-nfl-draft-big-board-top-125-prospect-rankings/
CBS_Wilson_BigBoard_2026,2026-02-26,66,Emmett Johnson,Nebraska,RB,https://www.cbssports.com/nfl/draft/news/wilsons-2026-nfl-draft-big-board-top-125-prospect-rankings/
CBS_Wilson_BigBoard_2026,2026-02-26,67,Trey Zuhn III,Texas A&M,IOL,https://www.cbssports.com/nfl/draft/news/wilsons-2026-nfl-draft-big-board-top-125-prospect-rankings/
CBS_Wilson_BigBoard_2026,2026-02-26,68,Tacario Davis,Washington,CB,https://www.cbssports.com/nfl/draft/news/wilsons-2026-nfl-draft-big-board-top-125-prospect-rankings/
CBS_Wilson_BigBoard_2026,2026-02-26,69,Caleb Tiernan,Northwestern,OT,https://www.cbssports.com/nfl/draft/news/wilsons-2026-nfl-draft-big-board-top-125-prospect-rankings/
CBS_Wilson_BigBoard_2026,2026-02-26,70,Gracen Halton,Oklahoma,DT,https://www.cbssports.com/nfl/draft/news/wilsons-2026-nfl-draft-big-board-top-125-prospect-rankings/
CBS_Wilson_BigBoard_2026,2026-02-26,71,David Gusta,Kentucky,DT,https://www.cbssports.com/nfl/draft/news/wilsons-2026-nfl-draft-big-board-top-125-prospect-rankings/
CBS_Wilson_BigBoard_2026,2026-02-26,72,Antonio Williams,Clemson,WR,https://www.cbssports.com/nfl/draft/news/wilsons-2026-nfl-draft-big-board-top-125-prospect-rankings/
CBS_Wilson_BigBoard_2026,2026-02-26,73,Dametrious Crownover,Texas A&M,OT,https://www.cbssports.com/nfl/draft/news/wilsons-2026-nfl-draft-big-board-top-125-prospect-rankings/
CBS_Wilson_BigBoard_2026,2026-02-26,74,D'Angelo Ponds,Indiana,CB,https://www.cbssports.com/nfl/draft/news/wilsons-2026-nfl-draft-big-board-top-125-prospect-rankings/
CBS_Wilson_BigBoard_2026,2026-02-26,75,Devon Marshall,NC State,CB,https://www.cbssports.com/nfl/draft/news/wilsons-2026-nfl-draft-big-board-top-125-prospect-rankings/
CBS_Wilson_BigBoard_2026,2026-02-26,76,VJ Payne,Kansas State,S,https://www.cbssports.com/nfl/draft/news/wilsons-2026-nfl-draft-big-board-top-125-prospect-rankings/
CBS_Wilson_BigBoard_2026,2026-02-26,77,Malachi Fields,Notre Dame,WR,https://www.cbssports.com/nfl/draft/news/wilsons-2026-nfl-draft-big-board-top-125-prospect-rankings/
CBS_Wilson_BigBoard_2026,2026-02-26,78,Will Lee III,Texas A&M,CB,https://www.cbssports.com/nfl/draft/news/wilsons-2026-nfl-draft-big-board-top-125-prospect-rankings/
CBS_Wilson_BigBoard_2026,2026-02-26,79,Chandler Rivers,Duke,CB,https://www.cbssports.com/nfl/draft/news/wilsons-2026-nfl-draft-big-board-top-125-prospect-rankings/
CBS_Wilson_BigBoard_2026,2026-02-26,80,Jacob Rodriguez,Texas Tech,LB,https://www.cbssports.com/nfl/draft/news/wilsons-2026-nfl-draft-big-board-top-125-prospect-rankings/
CBS_Wilson_BigBoard_2026,2026-02-26,81,Jalen McMurray,Tennessee,S,https://www.cbssports.com/nfl/draft/news/wilsons-2026-nfl-draft-big-board-top-125-prospect-rankings/
CBS_Wilson_BigBoard_2026,2026-02-26,82,Deontae Lawson,Alabama,LB,https://www.cbssports.com/nfl/draft/news/wilsons-2026-nfl-draft-big-board-top-125-prospect-rankings/
CBS_Wilson_BigBoard_2026,2026-02-26,83,Jordan Hudson,SMU,WR,https://www.cbssports.com/nfl/draft/news/wilsons-2026-nfl-draft-big-board-top-125-prospect-rankings/
CBS_Wilson_BigBoard_2026,2026-02-26,84,Zakee Wheatley,Penn State,S,https://www.cbssports.com/nfl/draft/news/wilsons-2026-nfl-draft-big-board-top-125-prospect-rankings/
CBS_Wilson_BigBoard_2026,2026-02-26,85,Chris McClellan,Missouri,DT,https://www.cbssports.com/nfl/draft/news/wilsons-2026-nfl-draft-big-board-top-125-prospect-rankings/
CBS_Wilson_BigBoard_2026,2026-02-26,86,Anthony Hill Jr.,Texas,LB,https://www.cbssports.com/nfl/draft/news/wilsons-2026-nfl-draft-big-board-top-125-prospect-rankings/
CBS_Wilson_BigBoard_2026,2026-02-26,87,Elijah Sarratt,Indiana,WR,https://www.cbssports.com/nfl/draft/news/wilsons-2026-nfl-draft-big-board-top-125-prospect-rankings/
CBS_Wilson_BigBoard_2026,2026-02-26,88,Rayshaun Benny,Michigan,DT,https://www.cbssports.com/nfl/draft/news/wilsons-2026-nfl-draft-big-board-top-125-prospect-rankings/
CBS_Wilson_BigBoard_2026,2026-02-26,89,Christen Miller,Georgia,DT,https://www.cbssports.com/nfl/draft/news/wilsons-2026-nfl-draft-big-board-top-125-prospect-rankings/
CBS_Wilson_BigBoard_2026,2026-02-26,90,Sam Hecht,Kansas State,IOL,https://www.cbssports.com/nfl/draft/news/wilsons-2026-nfl-draft-big-board-top-125-prospect-rankings/
CBS_Wilson_BigBoard_2026,2026-02-26,91,Jude Bowry,Boston College,OT,https://www.cbssports.com/nfl/draft/news/wilsons-2026-nfl-draft-big-board-top-125-prospect-rankings/
CBS_Wilson_BigBoard_2026,2026-02-26,92,Keionte Scott,Miami,S,https://www.cbssports.com/nfl/draft/news/wilsons-2026-nfl-draft-big-board-top-125-prospect-rankings/
CBS_Wilson_BigBoard_2026,2026-02-26,93,Genesis Smith,Arizona,S,https://www.cbssports.com/nfl/draft/news/wilsons-2026-nfl-draft-big-board-top-125-prospect-rankings/
CBS_Wilson_BigBoard_2026,2026-02-26,94,Kage Casey,Boise State,OT,https://www.cbssports.com/nfl/draft/news/wilsons-2026-nfl-draft-big-board-top-125-prospect-rankings/
CBS_Wilson_BigBoard_2026,2026-02-26,95,Taurean York,Texas A&M,LB,https://www.cbssports.com/nfl/draft/news/wilsons-2026-nfl-draft-big-board-top-125-prospect-rankings/
CBS_Wilson_BigBoard_2026,2026-02-26,96,Deven Eastern,Minnesota,DT,https://www.cbssports.com/nfl/draft/news/wilsons-2026-nfl-draft-big-board-top-125-prospect-rankings/
CBS_Wilson_BigBoard_2026,2026-02-26,97,Anez Cooper,Miami,IOL,https://www.cbssports.com/nfl/draft/news/wilsons-2026-nfl-draft-big-board-top-125-prospect-rankings/
CBS_Wilson_BigBoard_2026,2026-02-26,98,Jaishawn Barham,Michigan,LB,https://www.cbssports.com/nfl/draft/news/wilsons-2026-nfl-draft-big-board-top-125-prospect-rankings/
CBS_Wilson_BigBoard_2026,2026-02-26,99,Kyle Louis,Pittsburgh,LB,https://www.cbssports.com/nfl/draft/news/wilsons-2026-nfl-draft-big-board-top-125-prospect-rankings/
CBS_Wilson_BigBoard_2026,2026-02-26,100,Germie Bernard,Alabama,WR,https://www.cbssports.com/nfl/draft/news/wilsons-2026-nfl-draft-big-board-top-125-prospect-rankings/
CBS_Wilson_BigBoard_2026,2026-02-26,101,Jake Slaughter,Florida,IOL,https://www.cbssports.com/nfl/draft/news/wilsons-2026-nfl-draft-big-board-top-125-prospect-rankings/
CBS_Wilson_BigBoard_2026,2026-02-26,102,Keylan Rutledge,Georgia Tech,IOL,https://www.cbssports.com/nfl/draft/news/wilsons-2026-nfl-draft-big-board-top-125-prospect-rankings/
CBS_Wilson_BigBoard_2026,2026-02-26,103,Xavian Sorey Jr.,Arkansas,LB,https://www.cbssports.com/nfl/draft/news/wilsons-2026-nfl-draft-big-board-top-125-prospect-rankings/
CBS_Wilson_BigBoard_2026,2026-02-26,104,Sawyer Robertson,Baylor,QB,https://www.cbssports.com/nfl/draft/news/wilsons-2026-nfl-draft-big-board-top-125-prospect-rankings/
CBS_Wilson_BigBoard_2026,2026-02-26,105,Carson Beck,Miami,QB,https://www.cbssports.com/nfl/draft/news/wilsons-2026-nfl-draft-big-board-top-125-prospect-rankings/
CBS_Wilson_BigBoard_2026,2026-02-26,106,Connor Lew,Auburn,IOL,https://www.cbssports.com/nfl/draft/news/wilsons-2026-nfl-draft-big-board-top-125-prospect-rankings/
CBS_Wilson_BigBoard_2026,2026-02-26,107,Gennings Dunker,Iowa,IOL,https://www.cbssports.com/nfl/draft/news/wilsons-2026-nfl-draft-big-board-top-125-prospect-rankings/
CBS_Wilson_BigBoard_2026,2026-02-26,108,Josh Cameron,Baylor,WR,https://www.cbssports.com/nfl/draft/news/wilsons-2026-nfl-draft-big-board-top-125-prospect-rankings/
CBS_Wilson_BigBoard_2026,2026-02-26,109,Logan Jones,Iowa,IOL,https://www.cbssports.com/nfl/draft/news/wilsons-2026-nfl-draft-big-board-top-125-prospect-rankings/
CBS_Wilson_BigBoard_2026,2026-02-26,110,Bishop Fitzgerald,USC,S,https://www.cbssports.com/nfl/draft/news/wilsons-2026-nfl-draft-big-board-top-125-prospect-rankings/
CBS_Wilson_BigBoard_2026,2026-02-26,111,Brenen Thompson,Mississippi State,WR,https://www.cbssports.com/nfl/draft/news/wilsons-2026-nfl-draft-big-board-top-125-prospect-rankings/
CBS_Wilson_BigBoard_2026,2026-02-26,112,Eli Stowers,Vanderbilt,TE,https://www.cbssports.com/nfl/draft/news/wilsons-2026-nfl-draft-big-board-top-125-prospect-rankings/
CBS_Wilson_BigBoard_2026,2026-02-26,113,Jalon Kilgore,South Carolina,S,https://www.cbssports.com/nfl/draft/news/wilsons-2026-nfl-draft-big-board-top-125-prospect-rankings/
CBS_Wilson_BigBoard_2026,2026-02-26,114,Terrance Carter Jr.,Texas Tech,TE,https://www.cbssports.com/nfl/draft/news/wilsons-2026-nfl-draft-big-board-top-125-prospect-rankings/
CBS_Wilson_BigBoard_2026,2026-02-26,115,J'Mari Taylor,Virginia,RB,https://www.cbssports.com/nfl/draft/news/wilsons-2026-nfl-draft-big-board-top-125-prospect-rankings/
CBS_Wilson_BigBoard_2026,2026-02-26,116,Nadame Tucker,Western Michigan,EDGE,https://www.cbssports.com/nfl/draft/news/wilsons-2026-nfl-draft-big-board-top-125-prospect-rankings/
CBS_Wilson_BigBoard_2026,2026-02-26,117,Bud Clark,TCU,S,https://www.cbssports.com/nfl/draft/news/wilsons-2026-nfl-draft-big-board-top-125-prospect-rankings/
CBS_Wilson_BigBoard_2026,2026-02-26,118,Austin Barber,Florida,OT,https://www.cbssports.com/nfl/draft/news/wilsons-2026-nfl-draft-big-board-top-125-prospect-rankings/
CBS_Wilson_BigBoard_2026,2026-02-26,119,Emmanuel Henderson Jr.,Kansas,WR,https://www.cbssports.com/nfl/draft/news/wilsons-2026-nfl-draft-big-board-top-125-prospect-rankings/
CBS_Wilson_BigBoard_2026,2026-02-26,120,Gabe Jacas,Illinois,EDGE,https://www.cbssports.com/nfl/draft/news/wilsons-2026-nfl-draft-big-board-top-125-prospect-rankings/
CBS_Wilson_BigBoard_2026,2026-02-26,121,Justin Jefferson,Alabama,LB,https://www.cbssports.com/nfl/draft/news/wilsons-2026-nfl-draft-big-board-top-125-prospect-rankings/
CBS_Wilson_BigBoard_2026,2026-02-26,122,Mike Washington Jr.,Arkansas,RB,https://www.cbssports.com/nfl/draft/news/wilsons-2026-nfl-draft-big-board-top-125-prospect-rankings/
CBS_Wilson_BigBoard_2026,2026-02-26,123,LT Overton,Alabama,EDGE,https://www.cbssports.com/nfl/draft/news/wilsons-2026-nfl-draft-big-board-top-125-prospect-rankings/
CBS_Wilson_BigBoard_2026,2026-02-26,124,Joe Royer,Cincinnati,TE,https://www.cbssports.com/nfl/draft/news/wilsons-2026-nfl-draft-big-board-top-125-prospect-rankings/
CBS_Wilson_BigBoard_2026,2026-02-26,125,Keith Abney II,Arizona State,CB,https://www.cbssports.com/nfl/draft/news/wilsons-2026-nfl-draft-big-board-top-125-prospect-rankings/
ESPN_Jordan_Reid_2026,2026-02-26,1,Jeremiyah Love,Notre Dame,RB,https://www.espn.com/nfl/draft2026/story/_/id/47027232/2026-nfl-draft-rankings-jordan-reid-top-prospects-players-positions
ESPN_Jordan_Reid_2026,2026-02-26,2,Caleb Downs,Ohio State,S,https://www.espn.com/nfl/draft2026/story/_/id/47027232/2026-nfl-draft-rankings-jordan-reid-top-prospects-players-positions
ESPN_Jordan_Reid_2026,2026-02-26,3,Arvell Reese,Ohio State,EDGE,https://www.espn.com/nfl/draft2026/story/_/id/47027232/2026-nfl-draft-rankings-jordan-reid-top-prospects-players-positions
ESPN_Jordan_Reid_2026,2026-02-26,4,Rueben Bain Jr,Miami,EDGE,https://www.espn.com/nfl/draft2026/story/_/id/47027232/2026-nfl-draft-rankings-jordan-reid-top-prospects-players-positions
ESPN_Jordan_Reid_2026,2026-02-26,5,Francis Mauigoa,Miami,OT,https://www.espn.com/nfl/draft2026/story/_/id/47027232/2026-nfl-draft-rankings-jordan-reid-top-prospects-players-positions
ESPN_Jordan_Reid_2026,2026-02-26,6,Fernando Mendoza,Indiana,QB,https://www.espn.com/nfl/draft2026/story/_/id/47027232/2026-nfl-draft-rankings-jordan-reid-top-prospects-players-positions
ESPN_Jordan_Reid_2026,2026-02-26,7,David Bailey,Texas Tech,EDGE,https://www.espn.com/nfl/draft2026/story/_/id/47027232/2026-nfl-draft-rankings-jordan-reid-top-prospects-players-positions
ESPN_Jordan_Reid_2026,2026-02-26,8,Sonny Styles,Ohio State,LB,https://www.espn.com/nfl/draft2026/story/_/id/47027232/2026-nfl-draft-rankings-jordan-reid-top-prospects-players-positions
ESPN_Jordan_Reid_2026,2026-02-26,9,Mansoor Delane,LSU,CB,https://www.espn.com/nfl/draft2026/story/_/id/47027232/2026-nfl-draft-rankings-jordan-reid-top-prospects-players-positions
ESPN_Jordan_Reid_2026,2026-02-26,10,Carnell Tate,Ohio State,WR,https://www.espn.com/nfl/draft2026/story/_/id/47027232/2026-nfl-draft-rankings-jordan-reid-top-prospects-players-positions
ESPN_Jordan_Reid_2026,2026-02-26,11,Jermod McCoy,Tennessee,CB,https://www.espn.com/nfl/draft2026/story/_/id/47027232/2026-nfl-draft-rankings-jordan-reid-top-prospects-players-positions
ESPN_Jordan_Reid_2026,2026-02-26,12,Makai Lemon,USC,WR,https://www.espn.com/nfl/draft2026/story/_/id/47027232/2026-nfl-draft-rankings-jordan-reid-top-prospects-players-positions
ESPN_Jordan_Reid_2026,2026-02-26,13,Peter Woods,Clemson,DT,https://www.espn.com/nfl/draft2026/story/_/id/47027232/2026-nfl-draft-rankings-jordan-reid-top-prospects-players-positions
ESPN_Jordan_Reid_2026,2026-02-26,14,Olaivavega Ioane,Penn State,IOL,https://www.espn.com/nfl/draft2026/story/_/id/47027232/2026-nfl-draft-rankings-jordan-reid-top-prospects-players-positions
ESPN_Jordan_Reid_2026,2026-02-26,15,Jordyn Tyson,Arizona State,WR,https://www.espn.com/nfl/draft2026/story/_/id/47027232/2026-nfl-draft-rankings-jordan-reid-top-prospects-players-positions
ESPN_Jordan_Reid_2026,2026-02-26,16,Spencer Fano,Utah,OT,https://www.espn.com/nfl/draft2026/story/_/id/47027232/2026-nfl-draft-rankings-jordan-reid-top-prospects-players-positions
ESPN_Jordan_Reid_2026,2026-02-26,17,Kenyon Sadiq,Oregon,TE,https://www.espn.com/nfl/draft2026/story/_/id/47027232/2026-nfl-draft-rankings-jordan-reid-top-prospects-players-positions
ESPN_Jordan_Reid_2026,2026-02-26,18,Akheem Mesidor,Miami,EDGE,https://www.espn.com/nfl/draft2026/story/_/id/47027232/2026-nfl-draft-rankings-jordan-reid-top-prospects-players-positions
ESPN_Jordan_Reid_2026,2026-02-26,19,Emmanuel McNeil-Warren,Toledo,S,https://www.espn.com/nfl/draft2026/story/_/id/47027232/2026-nfl-draft-rankings-jordan-reid-top-prospects-players-positions
ESPN_Jordan_Reid_2026,2026-02-26,20,Caleb Lomu,Utah,OT,https://www.espn.com/nfl/draft2026/story/_/id/47027232/2026-nfl-draft-rankings-jordan-reid-top-prospects-players-positions
ESPN_Jordan_Reid_2026,2026-02-26,21,Keldric Faulk,Auburn,EDGE,https://www.espn.com/nfl/draft2026/story/_/id/47027232/2026-nfl-draft-rankings-jordan-reid-top-prospects-players-positions
ESPN_Jordan_Reid_2026,2026-02-26,22,Colton Hood,Tennessee,CB,https://www.espn.com/nfl/draft2026/story/_/id/47027232/2026-nfl-draft-rankings-jordan-reid-top-prospects-players-positions
ESPN_Jordan_Reid_2026,2026-02-26,23,Lee Hunter,Texas Tech,DT,https://www.espn.com/nfl/draft2026/story/_/id/47027232/2026-nfl-draft-rankings-jordan-reid-top-prospects-players-positions
ESPN_Jordan_Reid_2026,2026-02-26,24,Monroe Freeling,Georgia,OT,https://www.espn.com/nfl/draft2026/story/_/id/47027232/2026-nfl-draft-rankings-jordan-reid-top-prospects-players-positions
ESPN_Jordan_Reid_2026,2026-02-26,25,Avieon Terrell,Clemson,CB,https://www.espn.com/nfl/draft2026/story/_/id/47027232/2026-nfl-draft-rankings-jordan-reid-top-prospects-players-positions
ESPN_Jordan_Reid_2026,2026-02-26,26,KC Concepcion,Texas A&M,WR,https://www.espn.com/nfl/draft2026/story/_/id/47027232/2026-nfl-draft-rankings-jordan-reid-top-prospects-players-positions
ESPN_Jordan_Reid_2026,2026-02-26,27,Cashius Howell,Texas A&M,EDGE,https://www.espn.com/nfl/draft2026/story/_/id/47027232/2026-nfl-draft-rankings-jordan-reid-top-prospects-players-positions
ESPN_Jordan_Reid_2026,2026-02-26,28,Denzel Boston,Washington,WR,https://www.espn.com/nfl/draft2026/story/_/id/47027232/2026-nfl-draft-rankings-jordan-reid-top-prospects-players-positions
ESPN_Jordan_Reid_2026,2026-02-26,29,Caleb Banks,Florida,DT,https://www.espn.com/nfl/draft2026/story/_/id/47027232/2026-nfl-draft-rankings-jordan-reid-top-prospects-players-positions
ESPN_Jordan_Reid_2026,2026-02-26,30,Dillon Thieneman,Oregon,S,https://www.espn.com/nfl/draft2026/story/_/id/47027232/2026-nfl-draft-rankings-jordan-reid-top-prospects-players-positions
ESPN_Jordan_Reid_2026,2026-02-26,31,Kadyn Proctor,Alabama,OT,https://www.espn.com/nfl/draft2026/story/_/id/47027232/2026-nfl-draft-rankings-jordan-reid-top-prospects-players-positions
ESPN_Jordan_Reid_2026,2026-02-26,32,Kayden McDonald,Ohio State,DT,https://www.espn.com/nfl/draft2026/story/_/id/47027232/2026-nfl-draft-rankings-jordan-reid-top-prospects-players-positions
ESPN_Jordan_Reid_2026,2026-02-26,33,Brandon Cisse,South Carolina,CB,https://www.espn.com/nfl/draft2026/story/_/id/47027232/2026-nfl-draft-rankings-jordan-reid-top-prospects-players-positions
ESPN_Jordan_Reid_2026,2026-02-26,34,Anthony Hill Jr,Texas,LB,https://www.espn.com/nfl/draft2026/story/_/id/47027232/2026-nfl-draft-rankings-jordan-reid-top-prospects-players-positions
ESPN_Jordan_Reid_2026,2026-02-26,35,CJ Allen,Georgia,LB,https://www.espn.com/nfl/draft2026/story/_/id/47027232/2026-nfl-draft-rankings-jordan-reid-top-prospects-players-positions
ESPN_Jordan_Reid_2026,2026-02-26,36,Max Iheanachor,Arizona State,OT,https://www.espn.com/nfl/draft2026/story/_/id/47027232/2026-nfl-draft-rankings-jordan-reid-top-prospects-players-positions
ESPN_Jordan_Reid_2026,2026-02-26,37,T.J. Parker,Clemson,EDGE,https://www.espn.com/nfl/draft2026/story/_/id/47027232/2026-nfl-draft-rankings-jordan-reid-top-prospects-players-positions
ESPN_Jordan_Reid_2026,2026-02-26,38,Christen Miller,Georgia,DT,https://www.espn.com/nfl/draft2026/story/_/id/47027232/2026-nfl-draft-rankings-jordan-reid-top-prospects-players-positions
ESPN_Jordan_Reid_2026,2026-02-26,39,Blake Miller,Clemson,OT,https://www.espn.com/nfl/draft2026/story/_/id/47027232/2026-nfl-draft-rankings-jordan-reid-top-prospects-players-positions
ESPN_Jordan_Reid_2026,2026-02-26,40,Zion Young,Missouri,EDGE,https://www.espn.com/nfl/draft2026/story/_/id/47027232/2026-nfl-draft-rankings-jordan-reid-top-prospects-players-positions
ESPN_Jordan_Reid_2026,2026-02-26,41,Malachi Fields,Notre Dame,WR,https://www.espn.com/nfl/draft2026/story/_/id/47027232/2026-nfl-draft-rankings-jordan-reid-top-prospects-players-positions
ESPN_Jordan_Reid_2026,2026-02-26,42,Jake Golday,Cincinnati,LB,https://www.espn.com/nfl/draft2026/story/_/id/47027232/2026-nfl-draft-rankings-jordan-reid-top-prospects-players-positions
ESPN_Jordan_Reid_2026,2026-02-26,43,R Mason Thomas,Oklahoma,EDGE,https://www.espn.com/nfl/draft2026/story/_/id/47027232/2026-nfl-draft-rankings-jordan-reid-top-prospects-players-positions
ESPN_Jordan_Reid_2026,2026-02-26,44,Ty Simpson,Alabama,QB,https://www.espn.com/nfl/draft2026/story/_/id/47027232/2026-nfl-draft-rankings-jordan-reid-top-prospects-players-positions
ESPN_Jordan_Reid_2026,2026-02-26,45,Chase Bisontis,Texas A&M,IOL,https://www.espn.com/nfl/draft2026/story/_/id/47027232/2026-nfl-draft-rankings-jordan-reid-top-prospects-players-positions
ESPN_Jordan_Reid_2026,2026-02-26,46,Gabe Jacas,Illinois,EDGE,https://www.espn.com/nfl/draft2026/story/_/id/47027232/2026-nfl-draft-rankings-jordan-reid-top-prospects-players-positions
ESPN_Jordan_Reid_2026,2026-02-26,47,Emmanuel Pregnon,Oregon,IOL,https://www.espn.com/nfl/draft2026/story/_/id/47027232/2026-nfl-draft-rankings-jordan-reid-top-prospects-players-positions
ESPN_Jordan_Reid_2026,2026-02-26,48,Omar Cooper Jr,Indiana,WR,https://www.espn.com/nfl/draft2026/story/_/id/47027232/2026-nfl-draft-rankings-jordan-reid-top-prospects-players-positions
ESPN_Jordan_Reid_2026,2026-02-26,49,Josiah Trotter,Missouri,LB,https://www.espn.com/nfl/draft2026/story/_/id/47027232/2026-nfl-draft-rankings-jordan-reid-top-prospects-players-positions
ESPN_Jordan_Reid_2026,2026-02-26,50,D'Angelo Ponds,Indiana,CB,https://www.espn.com/nfl/draft2026/story/_/id/47027232/2026-nfl-draft-rankings-jordan-reid-top-prospects-players-positions
FantasyPros_Devy,2026-02-25,1,Arch Manning,Texas,QB,https://www.fantasypros.com/college-football/rankings/devy-overall.php
FantasyPros_Devy,2026-02-25,2,Caleb Downs,Ohio State,S,https://www.fantasypros.com/college-football/rankings/devy-overall.php
FantasyPros_Devy,2026-02-25,3,Jeremiyah Love,Notre Dame,RB,https://www.fantasypros.com/college-football/rankings/devy-overall.php
FantasyPros_Devy,2026-02-25,4,Peter Woods,Clemson,DT,https://www.fantasypros.com/college-football/rankings/devy-overall.php
FantasyPros_Devy,2026-02-25,5,Cade Klubnik,Clemson,QB,https://www.fantasypros.com/college-football/rankings/devy-overall.php
FantasyPros_Devy,2026-02-25,6,TJ Parker,Clemson,EDGE,https://www.fantasypros.com/college-football/rankings/devy-overall.php
FantasyPros_Devy,2026-02-25,7,Anthony Hill Jr.,Texas,LB,https://www.fantasypros.com/college-football/rankings/devy-overall.php
FantasyPros_Devy,2026-02-25,8,Nyck Harbor,South Carolina,WR,https://www.fantasypros.com/college-football/rankings/devy-overall.php
FantasyPros_Devy,2026-02-25,9,Rueben Bain Jr.,Miami (FL),EDGE,https://www.fantasypros.com/college-football/rankings/devy-overall.php
NFL_Daniel_Jeremiah_2026,2026-02-26,1,Fernando Mendoza,Indiana,QB,https://www.nfl.com/news/daniel-jeremiah-s-top-50-2026-nfl-draft-prospect-rankings-2-0
NFL_Daniel_Jeremiah_2026,2026-02-26,2,Jeremiyah Love,Notre Dame,RB,https://www.nfl.com/news/daniel-jeremiah-s-top-50-2026-nfl-draft-prospect-rankings-2-0
NFL_Daniel_Jeremiah_2026,2026-02-26,3,David Bailey,Texas Tech,EDGE,https://www.nfl.com/news/daniel-jeremiah-s-top-50-2026-nfl-draft-prospect-rankings-2-0
NFL_Daniel_Jeremiah_2026,2026-02-26,4,Arvell Reese,Ohio State,EDGE,https://www.nfl.com/news/daniel-jeremiah-s-top-50-2026-nfl-draft-prospect-rankings-2-0
NFL_Daniel_Jeremiah_2026,2026-02-26,5,Sonny Styles,Ohio State,LB,https://www.nfl.com/news/daniel-jeremiah-s-top-50-2026-nfl-draft-prospect-rankings-2-0
NFL_Daniel_Jeremiah_2026,2026-02-26,6,Rueben Bain Jr.,Miami,EDGE,https://www.nfl.com/news/daniel-jeremiah-s-top-50-2026-nfl-draft-prospect-rankings-2-0
NFL_Daniel_Jeremiah_2026,2026-02-26,7,Carnell Tate,Ohio State,WR,https://www.nfl.com/news/daniel-jeremiah-s-top-50-2026-nfl-draft-prospect-rankings-2-0
NFL_Daniel_Jeremiah_2026,2026-02-26,8,Mansoor Delane,LSU,CB,https://www.nfl.com/news/daniel-jeremiah-s-top-50-2026-nfl-draft-prospect-rankings-2-0
NFL_Daniel_Jeremiah_2026,2026-02-26,9,Caleb Downs,Ohio State,S,https://www.nfl.com/news/daniel-jeremiah-s-top-50-2026-nfl-draft-prospect-rankings-2-0
NFL_Daniel_Jeremiah_2026,2026-02-26,10,Makai Lemon,USC,WR,https://www.nfl.com/news/daniel-jeremiah-s-top-50-2026-nfl-draft-prospect-rankings-2-0
NFL_Daniel_Jeremiah_2026,2026-02-26,11,Olaivavega Ioane,Penn State,IOL,https://www.nfl.com/news/daniel-jeremiah-s-top-50-2026-nfl-draft-prospect-rankings-2-0
NFL_Daniel_Jeremiah_2026,2026-02-26,12,Francis Mauigoa,Miami,OT,https://www.nfl.com/news/daniel-jeremiah-s-top-50-2026-nfl-draft-prospect-rankings-2-0
NFL_Daniel_Jeremiah_2026,2026-02-26,13,Jermod McCoy,Tennessee,CB,https://www.nfl.com/news/daniel-jeremiah-s-top-50-2026-nfl-draft-prospect-rankings-2-0
NFL_Daniel_Jeremiah_2026,2026-02-26,14,Spencer Fano,Utah,OT,https://www.nfl.com/news/daniel-jeremiah-s-top-50-2026-nfl-draft-prospect-rankings-2-0
NFL_Daniel_Jeremiah_2026,2026-02-26,15,Emmanuel McNeil-Warren,Toledo,S,https://www.nfl.com/news/daniel-jeremiah-s-top-50-2026-nfl-draft-prospect-rankings-2-0
NFL_Daniel_Jeremiah_2026,2026-02-26,16,Kenyon Sadiq,Oregon,TE,https://www.nfl.com/news/daniel-jeremiah-s-top-50-2026-nfl-draft-prospect-rankings-2-0
NFL_Daniel_Jeremiah_2026,2026-02-26,17,Jordyn Tyson,Arizona State,WR,https://www.nfl.com/news/daniel-jeremiah-s-top-50-2026-nfl-draft-prospect-rankings-2-0
NFL_Daniel_Jeremiah_2026,2026-02-26,18,Denzel Boston,Washington,WR,https://www.nfl.com/news/daniel-jeremiah-s-top-50-2026-nfl-draft-prospect-rankings-2-0
NFL_Daniel_Jeremiah_2026,2026-02-26,19,Omar Cooper Jr.,Indiana,WR,https://www.nfl.com/news/daniel-jeremiah-s-top-50-2026-nfl-draft-prospect-rankings-2-0
NFL_Daniel_Jeremiah_2026,2026-02-26,20,Akheem Mesidor,Miami,EDGE,https://www.nfl.com/news/daniel-jeremiah-s-top-50-2026-nfl-draft-prospect-rankings-2-0
NFL_Daniel_Jeremiah_2026,2026-02-26,21,Cashius Howell,Texas A&M,EDGE,https://www.nfl.com/news/daniel-jeremiah-s-top-50-2026-nfl-draft-prospect-rankings-2-0
NFL_Daniel_Jeremiah_2026,2026-02-26,22,CJ Allen,Georgia,LB,https://www.nfl.com/news/daniel-jeremiah-s-top-50-2026-nfl-draft-prospect-rankings-2-0
NFL_Daniel_Jeremiah_2026,2026-02-26,23,Dillon Thieneman,Oregon,S,https://www.nfl.com/news/daniel-jeremiah-s-top-50-2026-nfl-draft-prospect-rankings-2-0
NFL_Daniel_Jeremiah_2026,2026-02-26,24,Blake Miller,Clemson,OT,https://www.nfl.com/news/daniel-jeremiah-s-top-50-2026-nfl-draft-prospect-rankings-2-0
NFL_Daniel_Jeremiah_2026,2026-02-26,25,Monroe Freeling,Georgia,OT,https://www.nfl.com/news/daniel-jeremiah-s-top-50-2026-nfl-draft-prospect-rankings-2-0
NFL_Daniel_Jeremiah_2026,2026-02-26,26,Colton Hood,Tennessee,CB,https://www.nfl.com/news/daniel-jeremiah-s-top-50-2026-nfl-draft-prospect-rankings-2-0
NFL_Daniel_Jeremiah_2026,2026-02-26,27,Lee Hunter,Texas Tech,DT,https://www.nfl.com/news/daniel-jeremiah-s-top-50-2026-nfl-draft-prospect-rankings-2-0
NFL_Daniel_Jeremiah_2026,2026-02-26,28,Keldric Faulk,Auburn,EDGE,https://www.nfl.com/news/daniel-jeremiah-s-top-50-2026-nfl-draft-prospect-rankings-2-0
NFL_Daniel_Jeremiah_2026,2026-02-26,29,Kadyn Proctor,Alabama,OT,https://www.nfl.com/news/daniel-jeremiah-s-top-50-2026-nfl-draft-prospect-rankings-2-0
NFL_Daniel_Jeremiah_2026,2026-02-26,30,Avieon Terrell,Clemson,CB,https://www.nfl.com/news/daniel-jeremiah-s-top-50-2026-nfl-draft-prospect-rankings-2-0
NFL_Daniel_Jeremiah_2026,2026-02-26,31,Caleb Lomu,Utah,OT,https://www.nfl.com/news/daniel-jeremiah-s-top-50-2026-nfl-draft-prospect-rankings-2-0
NFL_Daniel_Jeremiah_2026,2026-02-26,32,T.J. Parker,Clemson,EDGE,https://www.nfl.com/news/daniel-jeremiah-s-top-50-2026-nfl-draft-prospect-rankings-2-0
NFL_Daniel_Jeremiah_2026,2026-02-26,33,KC Concepcion,Texas A&M,WR,https://www.nfl.com/news/daniel-jeremiah-s-top-50-2026-nfl-draft-prospect-rankings-2-0
NFL_Daniel_Jeremiah_2026,2026-02-26,34,Max Iheanachor,Arizona State,OT,https://www.nfl.com/news/daniel-jeremiah-s-top-50-2026-nfl-draft-prospect-rankings-2-0
NFL_Daniel_Jeremiah_2026,2026-02-26,35,Kayden McDonald,Ohio State,DT,https://www.nfl.com/news/daniel-jeremiah-s-top-50-2026-nfl-draft-prospect-rankings-2-0
NFL_Daniel_Jeremiah_2026,2026-02-26,36,Caleb Banks,Florida,DT,https://www.nfl.com/news/daniel-jeremiah-s-top-50-2026-nfl-draft-prospect-rankings-2-0
NFL_Daniel_Jeremiah_2026,2026-02-26,37,Brandon Cisse,South Carolina,CB,https://www.nfl.com/news/daniel-jeremiah-s-top-50-2026-nfl-draft-prospect-rankings-2-0
NFL_Daniel_Jeremiah_2026,2026-02-26,38,Peter Woods,Clemson,DT,https://www.nfl.com/news/daniel-jeremiah-s-top-50-2026-nfl-draft-prospect-rankings-2-0
NFL_Daniel_Jeremiah_2026,2026-02-26,39,R Mason Thomas,Oklahoma,EDGE,https://www.nfl.com/news/daniel-jeremiah-s-top-50-2026-nfl-draft-prospect-rankings-2-0
NFL_Daniel_Jeremiah_2026,2026-02-26,40,Ty Simpson,Alabama,QB,https://www.nfl.com/news/daniel-jeremiah-s-top-50-2026-nfl-draft-prospect-rankings-2-0
NFL_Daniel_Jeremiah_2026,2026-02-26,41,Christen Miller,Georgia,DT,https://www.nfl.com/news/daniel-jeremiah-s-top-50-2026-nfl-draft-prospect-rankings-2-0
NFL_Daniel_Jeremiah_2026,2026-02-26,42,Anthony Hill Jr.,Texas,LB,https://www.nfl.com/news/daniel-jeremiah-s-top-50-2026-nfl-draft-prospect-rankings-2-0
NFL_Daniel_Jeremiah_2026,2026-02-26,43,Jadarian Price,Notre Dame,RB,https://www.nfl.com/news/daniel-jeremiah-s-top-50-2026-nfl-draft-prospect-rankings-2-0
NFL_Daniel_Jeremiah_2026,2026-02-26,44,Malachi Fields,Notre Dame,WR,https://www.nfl.com/news/daniel-jeremiah-s-top-50-2026-nfl-draft-prospect-rankings-2-0
NFL_Daniel_Jeremiah_2026,2026-02-26,45,Keionte Scott,Miami,CB,https://www.nfl.com/news/daniel-jeremiah-s-top-50-2026-nfl-draft-prospect-rankings-2-0
NFL_Daniel_Jeremiah_2026,2026-02-26,46,Antonio Williams,Clemson,WR,https://www.nfl.com/news/daniel-jeremiah-s-top-50-2026-nfl-draft-prospect-rankings-2-0
NFL_Daniel_Jeremiah_2026,2026-02-26,47,Zion Young,Missouri,EDGE,https://www.nfl.com/news/daniel-jeremiah-s-top-50-2026-nfl-draft-prospect-rankings-2-0
NFL_Daniel_Jeremiah_2026,2026-02-26,48,Jake Golday,Cincinnati,LB,https://www.nfl.com/news/daniel-jeremiah-s-top-50-2026-nfl-draft-prospect-rankings-2-0
NFL_Daniel_Jeremiah_2026,2026-02-26,49,Deion Burks,Oklahoma,WR,https://www.nfl.com/news/daniel-jeremiah-s-top-50-2026-nfl-draft-prospect-rankings-2-0
NFL_Daniel_Jeremiah_2026,2026-02-26,50,Zachariah Branch,Georgia,WR,https://www.nfl.com/news/daniel-jeremiah-s-top-50-2026-nfl-draft-prospect-rankings-2-0
NFL_Draft_Buzz,2026-02-25,1,Drew Allar,Penn State,QB,https://www.nfldraftbuzz.com/positions/ALL/1/2026
NFL_Draft_Buzz,2026-02-25,2,Caleb Downs,Ohio State,S,https://www.nfldraftbuzz.com/positions/ALL/1/2026
NFL_Draft_Buzz,2026-02-25,3,Cade Klubnik,Clemson,QB,https://www.nfldraftbuzz.com/positions/ALL/1/2026
NFL_Draft_Buzz,2026-02-25,4,LaNorris Sellers,South Carolina,QB,https://www.nfldraftbuzz.com/positions/ALL/1/2026
NFL_Draft_Buzz,2026-02-25,5,Peter Woods,Clemson,DT,https://www.nfldraftbuzz.com/positions/ALL/1/2026
NFL_Draft_Buzz,2026-02-25,6,Avieon Terrell,Clemson,CB,https://www.nfldraftbuzz.com/positions/ALL/1/2026
NFL_Draft_Buzz,2026-02-25,7,Jeremiyah Love,Notre Dame,RB,https://www.nfldraftbuzz.com/positions/ALL/1/2026
NFL_Draft_Buzz,2026-02-25,8,LT Overton,Alabama,EDGE,https://www.nfldraftbuzz.com/positions/ALL/1/2026
NFL_Draft_Buzz,2026-02-25,9,Ja'Kobi Lane,USC,WR,https://www.nfldraftbuzz.com/positions/ALL/1/2026
NFL_Draft_Buzz,2026-02-25,10,David Bailey,Texas Tech,EDGE,https://www.nfldraftbuzz.com/positions/ALL/1/2026
PFF_Big_Board,2026-02-25,1,Arch Manning,Texas,QB,https://www.pff.com/draft/big-board
PFF_Big_Board,2026-02-25,2,Kadyn Proctor,Alabama,OT,https://www.pff.com/draft/big-board
PFF_Big_Board,2026-02-25,3,Caleb Downs,Ohio State,S,https://www.pff.com/draft/big-board
PFF_Big_Board,2026-02-25,4,Jeremiyah Love,Notre Dame,RB,https://www.pff.com/draft/big-board
PFF_Big_Board,2026-02-25,5,Peter Woods,Clemson,DT,https://www.pff.com/draft/big-board
PFF_Big_Board,2026-02-25,6,LT Overton,Alabama,EDGE,https://www.pff.com/draft/big-board
PFF_Big_Board,2026-02-25,7,Rueben Bain Jr.,Miami (FL),EDGE,https://www.pff.com/draft/big-board
PFF_Big_Board,2026-02-25,8,Francis Mauigoa,Miami (FL),OT,https://www.pff.com/draft/big-board
PFF_Big_Board,2026-02-25,9,Jordyn Tyson,Arizona State,WR,https://www.pff.com/draft/big-board
PFF_Big_Board,2026-02-25,10,Caleb Lomu,Utah,OT,https://www.pff.com/draft/big-board
Ringer_NFL_Draft_Guide_2026,2026-02-26,1,Fernando Mendoza,Indiana,QB,https://www.theringer.com/nfl-draft/2026/big-board
Ringer_NFL_Draft_Guide_2026,2026-02-26,2,Arvell Reese,Ohio State,LB,https://www.theringer.com/nfl-draft/2026/big-board
Ringer_NFL_Draft_Guide_2026,2026-02-26,3,Caleb Downs,Ohio State,S,https://www.theringer.com/nfl-draft/2026/big-board
Ringer_NFL_Draft_Guide_2026,2026-02-26,4,David Bailey,Texas Tech,EDGE,https://www.theringer.com/nfl-draft/2026/big-board
SI_FCS_Scouting_2026,2026-02-26,4,Cole Payton,North Dakota State,QB,https://www.si.com/college/fcs/mvfc/2026-nfl-draft-scouting-report-north-dakota-state-qb-cole-payton
SI_FCS_Scouting_2026,2026-02-26,6,Barika Kpeenu,North Dakota State,RB,https://www.si.com/college/fcs/mvfc/2026-nfl-draft-scouting-report-north-dakota-state-rb-barika-kpeenu
SI_FCS_Scouting_2026,2026-02-26,6,Bryce Lance,North Dakota State,WR,https://www.si.com/college/fcs/mvfc/2026-nfl-draft-scouting-report-north-dakota-state-wr-bryce-lance
SI_FCS_Scouting_2026,2026-02-26,6,Charles Demmings,Stephen F. Austin,CB,https://www.si.com/college/fcs/southland/2026-nfl-draft-scouting-report-stephen-f-austin-cb-charles-demmings-fcs-football
SI_FCS_Scouting_2026,2026-02-26,6,Christian Thomas,Maine,LB,https://www.si.com/college/fcs/caa/2026-nfl-draft-scouting-report-maine-lb-christian-thomas
SI_FCS_Scouting_2026,2026-02-26,6,Daniel Sobkowicz,Illinois State,WR,https://www.si.com/college/fcs/mvfc/2026-nfl-draft-scouting-report-illinois-state-wr-daniel-sobkowicz
SI_FCS_Scouting_2026,2026-02-26,6,Derek Robertson,Monmouth,QB,https://www.si.com/college/fcs/caa/2026-nfl-draft-fcs-football-scouting-report-monmouth-qb-derek-robertson
SI_FCS_Scouting_2026,2026-02-26,6,Jalen Walthall,Incarnate Word,WR,https://www.si.com/college/fcs/southland/2026-nfl-draft-scouting-report-incarnate-word-wr-jalen-walthall
SI_FCS_Scouting_2026,2026-02-26,6,Langston Jones,Lehigh,OT,https://www.si.com/college/fcs/patriot/2026-nfl-draft-scouting-report-lehigh-ol-langston-jones
SI_FCS_Scouting_2026,2026-02-26,6,Michael Briscoe,Cal Poly,WR,https://www.si.com/college/fcs/big-sky/2026-nfl-draft-scouting-report-cal-poly-wr-michael-briscoe
SI_FCS_Scouting_2026,2026-02-26,6,Michael Wortham,Montana,WR,https://www.si.com/college/fcs/big-sky/2026-nfl-draft-scouting-report-montana-wr-michael-wortham-fcs-football
SI_FCS_Scouting_2026,2026-02-26,6,Rodney Hammond Jr.,Sacramento State,RB,https://www.si.com/college/fcs/big-sky/2026-nfl-draft-scouting-report-sacramento-state-rb-rodney-hammond-jr
SI_FCS_Scouting_2026,2026-02-26,6,Treyvhon Saunders,Colgate,WR,https://www.si.com/college/fcs/patriot/2026-nfl-draft-scouting-report-colgate-wr-treyvhon-saunders
Yahoo_Nate_Tice_2026,2026-02-27,1,Fernando Mendoza,Indiana,QB,https://sports.yahoo.com/nfl/article/2026-nfl-draft-big-board-as-combine-starts-a-look-at-top-30-players-list-that-will-surely-evolve-from-college-seasons-midway-point-170801806.html
Yahoo_Nate_Tice_2026,2026-02-27,2,Arvell Reese,Ohio State,LB,https://sports.yahoo.com/nfl/article/2026-nfl-draft-big-board-as-combine-starts-a-look-at-top-30-players-list-that-will-surely-evolve-from-college-seasons-midway-point-170801806.html
Yahoo_Nate_Tice_2026,2026-02-27,3,Caleb Downs,Ohio State,S,https://sports.yahoo.com/nfl/article/2026-nfl-draft-big-board-as-combine-starts-a-look-at-top-30-players-list-that-will-surely-evolve-from-college-seasons-midway-point-170801806.html
Yahoo_Nate_Tice_2026,2026-02-27,4,David Bailey,Texas Tech,EDGE,https://sports.yahoo.com/nfl/article/2026-nfl-draft-big-board-as-combine-starts-a-look-at-top-30-players-list-that-will-surely-evolve-from-college-seasons-midway-point-170801806.html
Yahoo_Nate_Tice_2026,2026-02-27,5,Francis Mauigoa,Miami,OT,https://sports.yahoo.com/nfl/article/2026-nfl-draft-big-board-as-combine-starts-a-look-at-top-30-players-list-that-will-surely-evolve-from-college-seasons-midway-point-170801806.html
Yahoo_Nate_Tice_2026,2026-02-27,6,Sonny Styles,Ohio State,LB,https://sports.yahoo.com/nfl/article/2026-nfl-draft-big-board-as-combine-starts-a-look-at-top-30-players-list-that-will-surely-evolve-from-college-seasons-midway-point-170801806.html
Yahoo_Nate_Tice_2026,2026-02-27,7,Spencer Fano,Utah,OT,https://sports.yahoo.com/nfl/article/2026-nfl-draft-big-board-as-combine-starts-a-look-at-top-30-players-list-that-will-surely-evolve-from-college-seasons-midway-point-170801806.html
Yahoo_Nate_Tice_2026,2026-02-27,8,Jeremiyah Love,Notre Dame,RB,https://sports.yahoo.com/nfl/article/2026-nfl-draft-big-board-as-combine-starts-a-look-at-top-30-players-list-that-will-surely-evolve-from-college-seasons-midway-point-170801806.html
Yahoo_Nate_Tice_2026,2026-02-27,9,Carnell Tate,Ohio State,WR,https://sports.yahoo.com/nfl/article/2026-nfl-draft-big-board-as-combine-starts-a-look-at-top-30-players-list-that-will-surely-evolve-from-college-seasons-midway-point-170801806.html
Yahoo_Nate_Tice_2026,2026-02-27,10,Peter Woods,Clemson,DT,https://sports.yahoo.com/nfl/article/2026-nfl-draft-big-board-as-combine-starts-a-look-at-top-30-players-list-that-will-surely-evolve-from-college-seasons-midway-point-170801806.html
Yahoo_Nate_Tice_2026,2026-02-27,26,Keldric Faulk,Auburn,EDGE,https://sports.yahoo.com/nfl/article/2026-nfl-draft-big-board-as-combine-starts-a-look-at-top-30-players-list-that-will-surely-evolve-from-college-seasons-midway-point-170801806.html
Yahoo_Nate_Tice_2026,2026-02-27,27,Kadyn Proctor,Alabama,OT,https://sports.yahoo.com/nfl/article/2026-nfl-draft-big-board-as-combine-starts-a-look-at-top-30-players-list-that-will-surely-evolve-from-college-seasons-midway-point-170801806.html
Yahoo_Nate_Tice_2026,2026-02-27,28,C.J. Allen,Georgia,LB,https://sports.yahoo.com/nfl/article/2026-nfl-draft-big-board-as-combine-starts-a-look-at-top-30-players-list-that-will-surely-evolve-from-college-seasons-midway-point-170801806.html
Yahoo_Nate_Tice_2026,2026-02-27,29,Denzel Boston,Washington,WR,https://sports.yahoo.com/nfl/article/2026-nfl-draft-big-board-as-combine-starts-a-look-at-top-30-players-list-that-will-surely-evolve-from-college-seasons-midway-point-170801806.html
Yahoo_Nate_Tice_2026,2026-02-27,30,Avieon Terrell,Clemson,CB,https://sports.yahoo.com/nfl/article/2026-nfl-draft-big-board-as-combine-starts-a-look-at-top-30-players-list-that-will-surely-evolve-from-college-seasons-midway-point-170801806.html
