player_name,position,school,prev_rank,curr_rank,rank_delta_prev_minus_curr,prev_grade,curr_grade,grade_delta,athletic_delta,production_delta,prior_delta,guardrail_relief_delta,top_driver
Malachi Lawrence,EDGE,UCF Knights,178,90,88,75.88,78.09,2.21,11.42,0.04,0.05,-0.15,athletic (up 11.42)
Nick Barrett,DT,South Carolina,216,131,85,74.98,76.97,1.99,9.25,0.0,0.1,0.0,athletic (up 9.25)
Gracen Halton,DT,Oklahoma Sooners,136,59,77,76.97,79.13,2.16,9.87,0.0,0.03,0.0,athletic (up 9.87)
Trey Moore,LB,Texas Longhorns,273,197,76,72.86,75.36,2.5,10.63,0.0,0.0,0.0,athletic (up 10.63)
DeMonte Capehart,DT,Clemson Tigers,175,108,67,75.95,77.64,1.69,9.84,0.0,0.0,-0.45,athletic (up 9.84)
David Gusta,DT,Kentucky,252,194,58,73.37,75.44,2.07,9.79,0.0,0.12,0.0,athletic (up 9.79)
Zane Durant,DT,Penn State,258,205,53,73.29,75.06,1.77,7.51,0.0,0.0,0.0,athletic (up 7.51)
Jaishawn Barham,LB,Michigan,187,139,48,75.72,76.74,1.02,-1.43,0.0,0.06,0.0,athletic (down 1.43)
Aiden Fisher,LB,Indiana Hoosiers,201,154,47,75.45,76.52,1.07,-1.43,0.0,0.0,0.0,athletic (down 1.43)
Taurean York,LB,Texas A&M Aggies,146,100,46,76.7,77.78,1.08,-1.43,0.0,0.01,0.0,athletic (down 1.43)
Darrell Jackson Jr.,DT,Florida State,219,174,45,74.79,75.94,1.15,0.84,0.0,0.01,0.0,athletic (up 0.84)
Kyle Louis,LB,Pittsburgh Panthers,304,261,43,71.51,73.27,1.76,5.29,0.0,0.03,0.0,athletic (up 5.29)
Justin Jefferson,LB,Alabama,359,316,43,69.2,70.81,1.61,4.93,0.0,0.08,0.0,athletic (up 4.93)
Jake Golday,LB,Cincinnati Bearcats,114,74,40,77.46,78.58,1.12,4.73,0.0,0.03,0.0,athletic (up 4.73)
Deontae Lawson,LB,Alabama,169,129,40,76.12,76.99,0.87,-0.89,0.0,0.0,0.0,athletic (down 0.89)
Chris McClellan,DT,Missouri Tigers,373,334,39,68.1,70.16,2.06,9.42,0.0,0.1,0.0,athletic (up 9.42)
Anthony Hill Jr.,LB,Texas Longhorns,88,50,38,78.17,79.47,1.3,4.96,0.0,0.0,0.0,athletic (up 4.96)
Keeshawn Silver,DT,USC,271,233,38,72.88,74.01,1.13,0.36,0.0,0.02,0.0,athletic (up 0.36)
Jalyn Phillips,S,Georgia,220,184,36,74.76,75.63,0.87,3.43,0.0,0.0,0.0,athletic (up 3.43)
Dasan McCullough,LB,Oklahoma,200,165,35,75.47,76.21,0.74,-0.99,0.0,0.01,0.0,athletic (down 0.99)
Bud Clark,S,TCU Horned Frogs,202,167,35,75.44,76.15,0.71,-1.97,0.06,0.01,0.0,athletic (down 1.97)
George Gumbs Jr.,EDGE,Florida Gators,361,326,35,69.15,70.58,1.43,10.72,0.0,0.0,0.0,athletic (up 10.72)
Domonique Orange,DT,Iowa State Cyclones,143,109,34,76.82,77.56,0.74,-1.79,0.0,0.01,0.0,athletic (down 1.79)
Bryce Boettcher,LB,Oregon Ducks,280,246,34,72.56,73.63,1.07,-1.43,0.0,0.0,0.0,athletic (down 1.43)
Sonny Styles,LB,Ohio State,49,18,31,79.88,81.26,1.38,6.85,0.0,0.02,-0.21,athletic (up 6.85)
Caleb Banks,DT,Florida Gators,61,30,31,79.46,80.81,1.35,9.44,0.0,-0.01,0.0,athletic (up 9.44)
Jalon Kilgore,S,South Carolina,243,212,31,73.81,74.92,1.11,0.43,0.19,0.01,0.0,athletic (up 0.43)
Tim Keenan III,DT,Alabama Crimson Tide,107,78,29,77.65,78.47,0.82,-1.79,0.0,-0.01,0.0,athletic (down 1.79)
Anthony Lucas,EDGE,USC Trojans,147,118,29,76.69,77.16,0.47,-0.78,0.07,0.02,0.0,athletic (down 0.78)
Ernest Hausmann,LB,Michigan,180,151,29,75.86,76.59,0.73,-1.02,0.0,0.01,0.0,athletic (down 1.02)
Popo Aumavae,LB,Oregon,195,166,29,75.63,76.17,0.54,-2.23,0.0,0.0,0.0,athletic (down 2.23)
Red Murdock,LB,Buffalo,281,252,29,72.54,73.49,0.95,-1.43,0.0,0.13,0.0,athletic (down 1.43)
James Thompson Jr.,DT,Illinois Fighting Illini,346,317,29,70.01,70.8,0.79,-1.79,0.0,0.0,0.0,athletic (down 1.79)
Dontay Corleone,DT,Cincinnati Bearcats,165,137,28,76.18,76.88,0.7,-1.79,0.0,-0.01,0.0,athletic (down 1.79)
Isaiah Paul,LB,Baylor,254,226,28,73.35,74.44,1.09,2.44,0.0,0.01,0.0,athletic (up 2.44)
Albert Regis,DT,Texas A&M Aggies,100,73,27,77.83,78.64,0.81,9.79,0.0,0.0,-1.33,athletic (up 9.79)
Harold Perkins Jr.,LB,LSU,108,81,27,77.54,78.35,0.81,-3.39,0.0,0.0,0.0,athletic (down 3.39)
Suntarine Perkins,LB,Ole Miss,237,210,27,74.0,74.99,0.99,-1.43,0.0,0.16,0.0,athletic (down 1.43)
Lander Barton,LB,Utah Utes,317,290,27,71.0,72.07,1.07,-1.43,0.0,0.0,0.0,athletic (down 1.43)
David Oke,DT,Arkansas Razorbacks,110,84,26,77.52,78.29,0.77,-1.79,0.0,0.0,0.0,athletic (down 1.79)
Zakee Wheatley,S,Penn State Nittany Lions,139,113,26,76.89,77.41,0.52,-1.97,-0.33,0.04,0.0,athletic (down 1.97)
Dakaari Nelson,S,Penn State,150,124,26,76.53,77.09,0.56,0.22,0.0,0.0,0.0,athletic (up 0.22)
Genesis Smith,S,Arizona Wildcats,154,128,26,76.43,77.0,0.57,-1.97,0.03,0.06,0.0,athletic (down 1.97)
Zxavian Harris,DT,Mississippi Rebels,257,232,25,73.33,74.11,0.78,-1.79,0.0,0.0,0.0,athletic (down 1.79)
Christian Thomas,LB,Maine,111,87,24,77.51,78.11,0.6,-1.43,0.0,0.06,0.0,athletic (down 1.43)
Emmett Johnson,RB,Nebraska Cornhuskers,135,111,24,76.97,77.52,0.55,-1.79,0.57,0.02,0.0,athletic (down 1.79)
Shedrick Shropshire,LB,TCU,185,161,24,75.79,76.29,0.5,-2.49,0.0,0.0,0.0,athletic (down 2.49)
Kendal Daniels,LB,Oklahoma,325,301,24,70.61,71.66,1.05,-1.43,0.0,0.12,0.0,athletic (down 1.43)
Gunner Maldonado,S,Kansas State Wildcats,342,318,24,70.21,70.8,0.59,-1.97,0.0,0.0,0.0,athletic (down 1.97)
Raesjon Davis,LB,USC,179,156,23,75.88,76.44,0.56,-2.06,0.0,0.01,0.0,athletic (down 2.06)
Martavius French,LB,Tennessee,183,160,23,75.82,76.32,0.5,-2.44,0.0,0.01,0.0,athletic (down 2.44)
Hero Kanu,DT,Texas,227,204,23,74.4,75.11,0.71,-1.79,0.0,0.16,0.0,athletic (down 1.79)
Bishop Fitzgerald,S,USC Trojans,288,265,23,72.39,72.95,0.56,-1.97,-0.11,0.04,0.0,athletic (down 1.97)
Josiah Trotter,LB,Missouri Tigers,73,51,22,78.98,79.33,0.35,-1.43,0.0,0.02,0.0,athletic (down 1.43)
Jalen Stroman,S,Notre Dame Fighting Irish,291,269,22,72.22,72.79,0.57,-1.97,-0.2,0.0,0.0,athletic (down 1.97)
Michael Taaffe,S,Texas Longhorns,96,75,21,78.0,78.57,0.57,-1.97,-0.29,0.0,-0.08,athletic (down 1.97)
Domata Peko Jr.,DT,UCLA,125,104,21,77.14,77.7,0.56,-0.66,0.0,0.0,0.0,athletic (down 0.66)
Bear Alexander,DT,Oregon,196,175,21,75.6,75.94,0.34,-1.79,0.0,0.13,0.0,athletic (down 1.79)
Jacob Rodriguez,LB,Texas Tech Red Raiders,199,178,21,75.49,75.84,0.35,4.93,0.0,0.01,-1.03,athletic (up 4.93)
Gabriel Brownlow-Dindy,DT,South Carolina,115,95,20,77.46,77.9,0.44,-1.4,0.0,0.0,0.0,athletic (down 1.40)
Mateen Ibirogba,DT,Wake Forest,137,117,20,76.96,77.27,0.31,-1.79,0.0,0.12,0.0,athletic (down 1.79)
Tysheem Johnson,LB,Oregon,190,170,20,75.68,76.03,0.35,-3.39,0.0,0.0,0.0,athletic (down 3.39)
Keon Sabb,S,Alabama,159,140,19,76.3,76.71,0.41,-0.88,0.0,0.0,0.0,athletic (down 0.88)
A'Mauri Washington,DT,Oregon,134,116,18,76.99,77.31,0.32,-1.79,0.0,0.11,0.0,athletic (down 1.79)
Mike Washington Jr.,RB,Arkansas Razorbacks,259,241,18,73.23,73.72,0.49,-1.79,0.0,0.01,0.0,athletic (down 1.79)
Xavier Nwankpa,S,Iowa,438,420,18,64.51,65.27,0.76,-0.73,-0.25,0.01,0.0,athletic (down 0.73)
Arvell Reese,LB,Ohio State Buckeyes,27,10,17,81.41,81.79,0.38,-1.43,0.0,0.0,0.0,athletic (down 1.43)
T.J. Searcy,EDGE,Texas A&M,69,52,17,79.13,79.29,0.16,0.27,0.0,-0.01,0.0,athletic (up 0.27)
Keon Wylie,S,Texas Tech,153,136,17,76.46,76.89,0.43,-0.59,0.0,0.0,0.0,athletic (down 0.59)
Cole Wisniewski,S,Texas Tech Red Raiders,279,262,17,72.56,73.15,0.59,-1.97,-0.12,0.0,0.0,athletic (down 1.97)
Ahmaad Moses,S,SMU Mustangs,448,431,17,64.08,64.71,0.63,-1.97,0.09,0.0,0.0,athletic (down 1.97)
Romello Height,EDGE,Texas Tech Red Raiders,38,22,16,80.87,81.13,0.26,10.88,0.0,0.02,-1.35,athletic (up 10.88)
Dani Dennis-Sutton,EDGE,Penn State Nittany Lions,54,38,16,79.65,80.17,0.52,-0.78,0.04,0.0,0.0,athletic (down 0.78)
Nicholas Singleton,RB,Penn State,78,62,16,78.56,79.09,0.53,-0.08,0.79,0.0,0.0,production (up 0.79)
Le'Veon Moss,RB,Texas A&M,197,181,16,75.55,75.73,0.18,-0.41,0.58,0.0,0.0,production (up 0.58)
Tyre West,DT,Indiana,218,202,16,74.87,75.18,0.31,-2.22,0.0,0.02,0.0,athletic (down 2.22)
Anto Saka,EDGE,Northwestern,265,249,16,73.0,73.51,0.51,-0.78,0.0,0.15,0.0,athletic (down 0.78)
Peyton Bowen,S,Oklahoma Sooners,276,260,16,72.71,73.31,0.6,-1.97,0.06,0.01,0.0,athletic (down 1.97)
Robert Spears-Jennings,S,Oklahoma Sooners,308,292,16,71.44,72.05,0.61,-1.97,0.0,0.0,0.0,athletic (down 1.97)
Jermayne Lole,DT,Louisville,87,72,15,78.18,78.64,0.46,-1.4,0.0,-0.01,0.0,athletic (down 1.40)
Branson Combs,S,Wake Forest,152,138,14,76.48,76.8,0.32,-1.28,0.0,0.0,0.0,athletic (down 1.28)
Davison Igbinosun,CB,Ohio State,155,141,14,76.38,76.67,0.29,-0.3,-0.05,0.04,0.0,athletic (down 0.30)
Isaac Smith,S,Mississippi State,158,144,14,76.33,76.63,0.3,-1.58,0.0,0.0,0.0,athletic (down 1.58)
Tacario Davis,CB,Washington,282,268,14,72.52,72.82,0.3,0.31,0.03,0.04,0.0,athletic (up 0.31)
Nikai Martinez,S,Michigan State Spartans,328,314,14,70.51,70.88,0.37,-1.97,0.0,0.01,0.0,athletic (down 1.97)
Jackie Marshall,EDGE,Baylor Bears,388,374,14,67.09,68.29,1.2,9.33,0.0,0.0,0.0,athletic (up 9.33)
Owen Heinecke,LB,Oklahoma Sooners,396,382,14,66.5,67.57,1.07,-1.43,0.0,0.0,0.0,athletic (down 1.43)
Austin Brown,S,Wisconsin Badgers,412,398,14,65.91,66.52,0.61,-1.97,0.0,0.0,0.0,athletic (down 1.97)
Kaytron Allen,RB,Penn State Nittany Lions,59,46,13,79.5,79.76,0.26,-1.79,0.56,-0.01,0.03,athletic (down 1.79)
Tyreak Sapp,EDGE,Florida,102,89,13,77.79,78.09,0.3,-0.88,0.09,0.0,-0.63,athletic (down 0.88)
Rayshaun Benny,DT,Michigan Wolverines,364,351,13,68.83,69.59,0.76,-1.79,0.0,0.06,0.0,athletic (down 1.79)
Scooby Williams,LB,Texas A&M Aggies,384,371,13,67.27,68.34,1.07,-1.43,0.0,0.0,0.0,athletic (down 1.43)
Wesley Bissainthe,LB,Miami (FL) Hurricanes,397,384,13,66.44,67.5,1.06,-1.43,0.0,0.0,0.0,athletic (down 1.43)
Damonic Williams,DT,Oklahoma Sooners,405,392,13,66.14,66.93,0.79,-1.79,0.0,0.0,0.0,athletic (down 1.79)
VJ Payne,S,Kansas State Wildcats,422,409,13,65.44,66.02,0.58,-1.97,-0.08,0.1,0.0,athletic (down 1.97)
Keyron Crawford,EDGE,Auburn Tigers,426,413,13,65.23,65.52,0.29,-0.78,0.05,0.11,0.0,athletic (down 0.78)
Emmanuel McNeil-Warren,S,Toledo Rockets,24,12,12,81.56,81.7,0.14,-1.97,-0.13,0.01,0.56,athletic (down 1.97)
C.J. Allen,LB,Georgia,26,14,12,81.43,81.55,0.12,-2.2,0.0,0.02,0.0,athletic (down 2.20)
Keldric Faulk,EDGE,Auburn,28,16,12,81.35,81.33,-0.02,0.76,0.06,0.01,0.0,athletic (up 0.76)
A.J. Haulcy,S,LSU Tigers,52,40,12,79.72,80.12,0.4,-1.97,-0.12,0.01,0.0,athletic (down 1.97)
LT Overton,EDGE,Alabama,82,70,12,78.39,78.74,0.35,0.72,0.0,-0.05,0.0,athletic (up 0.72)
TJ Guy,EDGE,Michigan Wolverines,323,311,12,70.64,70.94,0.3,-0.78,0.09,0.01,0.0,athletic (down 0.78)
Jam Miller,RB,Alabama Crimson Tide,327,315,12,70.57,70.84,0.27,-1.79,0.0,0.0,0.0,athletic (down 1.79)
Eric Gentry,LB,USC Trojans,371,359,12,68.15,69.21,1.06,-1.43,0.0,0.0,0.0,athletic (down 1.43)
Jaden Dugger,LB,Louisiana Ragin' Cajuns,398,386,12,66.4,67.46,1.06,-1.43,0.0,0.0,0.0,athletic (down 1.43)
Isaiah Nwokobia,S,SMU Mustangs,409,397,12,66.03,66.67,0.64,-1.97,0.16,0.0,0.0,athletic (down 1.97)
DQ Smith,S,South Carolina Gamecocks,414,402,12,65.86,66.44,0.58,-1.97,-0.16,0.0,0.0,athletic (down 1.97)
Nyck Harbor,WR,South Carolina,31,20,11,81.25,81.22,-0.03,-1.71,0.0,0.0,1.1,athletic (down 1.71)
Christen Miller,DT,Georgia Bulldogs,35,24,11,81.04,81.09,0.05,-1.79,0.0,-0.02,0.0,athletic (down 1.79)
Justin Flowe,LB,Arizona,77,66,11,78.61,78.88,0.27,-2.63,0.0,-0.01,0.0,athletic (down 2.63)
Roman Hemby,RB,Indiana,191,180,11,75.66,75.77,0.11,-1.4,1.02,0.01,0.0,athletic (down 1.40)
Devin Mockobee,RB,Purdue Boilermakers,344,333,11,70.15,70.19,0.04,-1.79,0.84,0.0,0.0,athletic (down 1.79)
R Mason Thomas,EDGE,Oklahoma,13,3,10,82.0,82.78,0.78,9.05,0.0,-0.02,-0.04,athletic (up 9.05)
Mikail Kamara,EDGE,Indiana Hoosiers,57,47,10,79.5,79.59,0.09,-0.78,0.0,-0.01,-0.64,athletic (down 0.78)
Jamel Johnson,S,TCU,228,218,10,74.37,74.73,0.36,-1.97,0.0,0.15,0.0,athletic (down 1.97)
Domani Jackson,CB,Alabama,289,279,10,72.37,72.53,0.16,-0.37,-0.27,0.0,0.0,athletic (down 0.37)
Jimmori Robinson,EDGE,West Virginia Mountaineers,320,310,10,70.83,70.95,0.12,-0.78,0.0,0.0,0.0,athletic (down 0.78)
Mel Brown,RB,Connecticut Huskies,329,319,10,70.48,70.75,0.27,-1.79,0.0,0.0,0.0,athletic (down 1.79)
Deven Eastern,DT,Minnesota Golden Gophers,401,391,10,66.2,66.96,0.76,-1.79,0.0,0.08,0.0,athletic (down 1.79)
Dominic Gooden,DT,Oklahoma,112,103,9,77.51,77.72,0.21,-2.87,0.0,0.0,0.0,athletic (down 2.87)
Tre Williams,DT,Clemson,130,121,9,77.03,77.13,0.1,-3.53,0.0,0.0,0.0,athletic (down 3.53)
Jaydn Ott,RB,Oklahoma,248,239,9,73.54,73.81,0.27,-1.64,0.0,0.01,0.0,athletic (down 1.64)
Dean Miller,EDGE,Kansas Jayhawks,318,309,9,70.99,71.29,0.3,-0.78,-0.11,0.0,0.0,athletic (down 0.78)
Cole Brevard,DT,Texas Longhorns,376,367,9,68.01,68.8,0.79,-1.79,0.0,0.01,0.0,athletic (down 1.79)
Gary Smith III,DT,UCLA Bruins,386,377,9,67.19,67.98,0.79,-1.79,0.0,0.01,0.0,athletic (down 1.79)
Cameron Ball,DT,Arkansas Razorbacks,387,378,9,67.1,67.89,0.79,-1.79,0.0,0.01,0.0,athletic (down 1.79)
Daylen Everette,CB,Georgia,51,43,8,79.75,79.96,0.21,-1.09,0.07,-0.01,0.0,athletic (down 1.09)
Jack Endries,TE,Texas Longhorns,63,55,8,79.46,79.24,-0.22,-1.33,-0.28,0.0,0.0,athletic (down 1.33)
Seth McGowan,RB,Kentucky Wildcats,91,83,8,78.07,78.3,0.23,-1.79,0.64,-0.01,0.0,athletic (down 1.79)
Justice Boone,RB,Colorado,101,93,8,77.81,78.03,0.22,-2.79,0.0,0.0,0.0,athletic (down 2.79)
Logan Fano,EDGE,Utah Utes,357,349,8,69.32,69.62,0.3,-0.78,0.04,0.01,0.0,athletic (down 0.78)
Brandon Cleveland,DT,North Carolina State Wolfpack,383,375,8,67.27,68.06,0.79,-1.79,0.0,0.01,0.0,athletic (down 1.79)
Dean Connors,RB,Houston Cougars,443,435,8,64.33,64.39,0.06,-1.79,1.06,0.01,0.0,athletic (down 1.79)
Fa'alili Fa'amoe,OT,Wake Forest Demon Deacons,319,312,7,70.98,70.94,-0.04,-1.12,0.0,0.0,0.0,athletic (down 1.12)
Landon Robinson,DT,Navy Midshipmen,379,372,7,67.54,68.33,0.79,-1.79,0.0,0.0,0.0,athletic (down 1.79)
Brian Parker II,OT,Duke Blue Devils,15,9,6,81.94,81.84,-0.1,-1.12,0.0,0.0,0.0,athletic (down 1.12)
Eli Heidenreich,RB,Navy Midshipmen,294,288,6,72.08,72.13,0.05,-1.79,-0.02,0.0,0.0,athletic (down 1.79)
Robert Henry Jr.,RB,UTSA Roadrunners,305,299,6,71.51,71.76,0.25,-1.79,0.0,0.0,0.0,athletic (down 1.79)
Stephen Hall,CB,Missouri Tigers,335,329,6,70.35,70.29,-0.06,-2.34,0.0,0.0,0.0,athletic (down 2.34)
Amari Jackson,CB,Boston College Eagles,336,330,6,70.32,70.26,-0.06,-2.34,-0.03,0.0,0.0,athletic (down 2.34)
DaShawn Jones,CB,Alabama Crimson Tide,337,331,6,70.31,70.25,-0.06,-2.34,0.0,0.0,0.0,athletic (down 2.34)
Micah Pettus,OT,Florida State Seminoles,428,422,6,65.17,65.13,-0.04,-1.12,0.0,0.01,0.0,athletic (down 1.12)
Cashius Howell,EDGE,Texas A&M Aggies,6,1,5,82.29,83.76,1.47,11.14,0.04,0.0,0.0,athletic (up 11.14)
Lee Hunter,DT,Texas Tech Red Raiders,50,45,5,79.83,79.82,-0.01,-1.79,0.0,-0.01,0.0,athletic (down 1.79)
Logan Diggs,RB,Mississippi Rebels,347,342,5,70.01,69.92,-0.09,-1.79,0.24,0.01,0.0,athletic (down 1.79)
Jaylon Guilbeau,CB,Texas Longhorns,416,411,5,65.8,65.7,-0.1,-2.34,0.0,0.0,0.0,athletic (down 2.34)
CJ Donaldson,RB,Ohio State Buckeyes,432,427,5,64.83,64.84,0.01,-1.79,0.79,0.0,0.0,athletic (down 1.79)
Ben Bell,EDGE,Virginia Tech Hokies,434,429,5,64.7,64.79,0.09,-0.78,0.0,0.0,0.0,athletic (down 0.78)
Rahsul Faison,RB,South Carolina Gamecocks,449,444,5,64.07,64.02,-0.05,-1.79,0.53,0.01,0.0,athletic (down 1.79)
Caleb Downs,S,Ohio State,11,7,4,82.11,82.33,0.22,-1.97,-0.27,0.0,0.56,athletic (down 1.97)
Kayden McDonald,DT,Ohio State Buckeyes,32,28,4,81.15,80.9,-0.25,-1.79,0.0,0.01,-0.13,athletic (down 1.79)
Eli Raridon,TE,Notre Dame,203,199,4,75.37,75.26,-0.11,-0.7,-0.27,-0.01,0.0,athletic (down 0.70)
Tre Smith,EDGE,Arizona Wildcats,300,296,4,71.75,71.86,0.11,-0.78,0.0,0.0,0.0,athletic (down 0.78)
Mo Westmoreland,EDGE,Tulane Green Wave,301,297,4,71.72,71.84,0.12,-0.78,0.0,0.0,0.0,athletic (down 0.78)
Vincent Anthony Jr.,EDGE,Duke Blue Devils,307,303,4,71.47,71.57,0.1,-0.78,0.0,0.0,0.0,athletic (down 0.78)
J'Mari Taylor,RB,Virginia Cavaliers,352,348,4,69.67,69.63,-0.04,-1.79,0.7,0.03,0.0,athletic (down 1.79)
Jalen Huskey,S,Maryland Terrapins,372,368,4,68.11,68.69,0.58,-1.97,-0.13,0.01,0.0,athletic (down 1.97)
Jerry Wilson,CB,Florida State Seminoles,429,425,4,65.14,65.01,-0.13,-2.34,0.0,0.0,0.0,athletic (down 2.34)
Avery Smith,CB,Toledo Rockets,441,437,4,64.35,64.27,-0.08,-2.34,0.1,0.0,0.0,athletic (down 2.34)
David Bailey,EDGE,Texas Tech,8,5,3,82.22,82.38,0.16,10.97,0.0,0.04,-0.58,athletic (up 10.97)
Kadyn Proctor,OT,Alabama,9,6,3,82.15,82.36,0.21,1.08,0.0,0.01,0.56,athletic (up 1.08)
Zion Young,EDGE,Missouri Tigers,20,17,3,81.68,81.28,-0.4,-0.78,0.77,0.0,-0.03,athletic (down 0.78)
Peter Woods,DT,Clemson,36,33,3,80.92,80.4,-0.52,-1.04,0.0,-0.02,0.0,athletic (down 1.04)
Eugene Asante,LB,Auburn,39,36,3,80.86,80.22,-0.64,-7.19,0.0,-0.01,0.0,athletic (down 7.19)
Jonah Coleman,RB,Washington Huskies,80,77,3,78.51,78.5,-0.01,-1.79,0.62,0.03,0.0,athletic (down 1.79)
Darris Smith,EDGE,LSU,138,135,3,76.96,76.89,-0.07,-0.95,0.0,0.0,0.0,athletic (down 0.95)
Quincy Rhodes Jr.,EDGE,Arkansas,194,191,3,75.64,75.49,-0.15,-0.78,0.0,0.1,0.0,athletic (down 0.78)
Conner Weigman,QB,Houston,211,208,3,75.14,75.03,-0.11,-0.41,-0.09,-0.01,0.0,athletic (down 0.41)
Ar'maj Reed-Adams,IOL,Texas A&M,214,211,3,75.05,74.94,-0.11,0.45,0.0,0.0,0.0,athletic (up 0.45)
Hollywood Smothers,RB,N.C. State,238,235,3,73.94,74.01,0.07,-1.79,0.0,0.13,0.0,athletic (down 1.79)
Jaeden Roberts,IOL,Alabama,292,289,3,72.21,72.07,-0.14,0.39,0.0,0.0,0.0,athletic (up 0.39)
Quintayvious Hutchins,EDGE,Boston College Eagles,296,293,3,71.89,71.97,0.08,-0.78,0.0,0.0,0.0,athletic (down 0.78)
Jalen McMurray,S,Tennessee,310,307,3,71.33,71.33,0.0,-1.97,0.0,0.12,0.0,athletic (down 1.97)
Devonta Smith,CB,Notre Dame Fighting Irish,338,335,3,70.26,70.13,-0.13,-2.34,-0.15,0.0,0.0,athletic (down 2.34)
Ephesians Prysock,CB,Washington Huskies,349,346,3,69.84,69.73,-0.11,-2.34,-0.01,0.08,0.0,athletic (down 2.34)
Mason Reiger,EDGE,Wisconsin Badgers,358,355,3,69.29,69.38,0.09,-0.78,0.0,0.0,0.0,athletic (down 0.78)
Jalen Catalon,S,Missouri Tigers,369,366,3,68.3,68.85,0.55,-1.97,-0.28,0.01,0.0,athletic (down 1.97)
Nolan Rucci,OT,Penn State,392,389,3,66.85,67.01,0.16,0.16,0.0,0.01,0.0,athletic (up 0.16)
Patrick Payton,EDGE,LSU,404,401,3,66.16,66.44,0.28,-0.91,0.08,0.0,0.0,athletic (down 0.91)
Terion Stewart,RB,Virginia Tech Hokies,439,436,3,64.43,64.37,-0.06,-1.79,0.45,0.0,0.0,athletic (down 1.79)
Tyreek Chappell,CB,Texas A&M Aggies,442,439,3,64.33,64.24,-0.09,-2.34,0.0,0.01,0.0,athletic (down 2.34)
Jaren Kanak,TE,Oklahoma Sooners,452,449,3,63.99,63.59,-0.4,-1.33,0.0,0.01,0.0,athletic (down 1.33)
Gabe Jacas,EDGE,Illinois Fighting Illini,62,60,2,79.46,79.12,-0.34,-0.78,0.0,-0.04,0.0,athletic (down 0.78)
Thaddeus Dixon,CB,North Carolina Tar Heels,217,215,2,74.95,74.85,-0.1,-2.34,0.0,-0.01,0.0,athletic (down 2.34)
Will Lee III,CB,Texas A&M Aggies,231,229,2,74.32,74.24,-0.08,-2.34,0.06,0.02,0.0,athletic (down 2.34)
Clev Lubin,EDGE,Louisville,233,231,2,74.09,74.12,0.03,-0.78,0.0,0.19,0.0,athletic (down 0.78)
Derek Robertson,QB,Monmouth,242,240,2,73.82,73.74,-0.08,-0.33,0.0,0.06,0.0,athletic (down 0.33)
Hezekiah Masses,CB,California Golden Bears,272,270,2,72.87,72.78,-0.09,-2.34,0.09,0.06,0.0,athletic (down 2.34)
Al-Jay Henderson,RB,Buffalo Bulls,355,353,2,69.53,69.46,-0.07,-1.79,0.33,0.0,0.0,athletic (down 1.79)
Bryce Foster,IOL,Kansas,456,454,2,63.41,63.22,-0.19,0.04,0.0,0.01,0.0,athletic (up 0.04)
Connor Tollison,IOL,Missouri,457,455,2,63.36,63.07,-0.29,-0.61,0.0,0.0,0.0,athletic (down 0.61)
Francis Mauigoa,OT,Miami (FL) Hurricanes,5,4,1,82.52,82.59,0.07,-1.12,0.0,0.0,0.56,athletic (down 1.12)
Dillon Thieneman,S,Oregon,14,13,1,81.95,81.66,-0.29,-1.7,-0.17,0.01,0.0,athletic (down 1.70)
Caleb Lomu,OT,Utah,33,32,1,81.12,80.44,-0.68,-2.49,0.0,0.01,0.0,athletic (down 2.49)
Xavier Scott,CB,Illinois Fighting Illini,106,105,1,77.71,77.68,-0.03,-2.34,-0.14,-0.01,0.0,athletic (down 2.34)
Drew Allar,QB,Penn State,127,126,1,77.12,77.04,-0.08,1.45,0.35,0.01,0.0,athletic (up 1.45)
Raion Strader,CB,Auburn Tigers,284,283,1,72.49,72.43,-0.06,-2.34,0.0,0.0,0.0,athletic (down 2.34)
Josh Hoover,QB,TCU,286,285,1,72.46,72.27,-0.19,-0.33,0.0,0.11,0.0,athletic (down 0.33)
Kaelon Black,RB,Indiana Hoosiers,295,294,1,71.94,71.94,0.0,-1.79,0.8,0.0,0.0,athletic (down 1.79)
Jahiem Lawson,EDGE,Clemson,303,302,1,71.55,71.59,0.04,-0.78,0.0,0.18,0.0,athletic (down 0.78)
Daniel Harris,CB,Georgia Bulldogs,309,308,1,71.38,71.29,-0.09,-2.34,0.0,0.0,0.0,athletic (down 2.34)
Jeff Persi,OT,Pittsburgh Panthers,322,321,1,70.77,70.7,-0.07,-1.12,0.0,0.01,0.0,athletic (down 1.12)
Chip Trayanum,RB,Toledo Rockets,400,399,1,66.25,66.5,0.25,-1.79,0.0,0.0,0.0,athletic (down 1.79)
Jeremiyah Love,RB,Notre Dame,2,2,0,82.83,83.18,0.35,-1.56,0.55,0.0,0.56,athletic (down 1.56)
Takye Heath,CB,Georgia Tech,65,65,0,79.42,78.89,-0.53,-2.24,0.0,0.0,0.0,athletic (down 2.24)
Julian Neal,CB,Arkansas Razorbacks,145,145,0,76.76,76.62,-0.14,-2.34,0.05,0.08,0.0,athletic (down 2.34)
Tyler Collins,CB,Mississippi State,176,176,0,75.95,75.88,-0.07,-0.02,0.0,0.0,0.0,athletic (down 0.02)
Jermaine Mathews Jr.,CB,Ohio State Buckeyes,222,222,0,74.61,74.56,-0.05,-2.34,0.0,0.0,0.0,athletic (down 2.34)
Max Llewellyn,EDGE,Iowa Hawkeyes,250,250,0,73.43,73.51,0.08,-0.78,0.0,0.0,0.0,athletic (down 0.78)
Riley Mahlman,OT,Wisconsin Badgers,390,390,0,67.02,66.97,-0.05,-1.12,0.0,0.0,0.0,athletic (down 1.12)
Jack Pyburn,EDGE,LSU Tigers,394,394,0,66.55,66.85,0.3,-0.78,0.06,0.01,0.0,athletic (down 0.78)
Jamal Haynes,RB,Georgia Tech Yellow Jackets,440,440,0,64.38,64.22,-0.16,-1.79,0.0,0.0,0.0,athletic (down 1.79)
Tanner Arkin,TE,Illinois Fighting Illini,453,453,0,63.71,63.29,-0.42,-1.33,-0.13,0.0,0.0,athletic (down 1.33)
Kyron Drones,QB,Virginia Tech Hokies,458,458,0,61.53,60.93,-0.6,-0.33,0.0,0.0,0.0,athletic (down 0.33)
Xavian Sorey Jr.,LB,Arkansas Razorbacks,459,459,0,55.0,59.18,4.18,23.63,0.0,0.08,0.0,athletic (up 23.63)
Colton Hood,CB,Tennessee Volunteers,34,35,-1,81.05,80.23,-0.82,-2.34,-0.01,0.02,0.0,athletic (down 2.34)
Keith Abney II,CB,Arizona State Sun Devils,53,54,-1,79.69,79.25,-0.44,-2.34,0.0,-0.04,-0.3,athletic (down 2.34)
Kaimon Rucker,EDGE,North Carolina,60,61,-1,79.49,79.12,-0.37,-1.8,0.0,-0.01,0.0,athletic (down 1.80)
Makhi Hughes,RB,Oregon,93,94,-1,78.0,78.02,0.02,-1.47,0.0,-0.01,0.0,athletic (down 1.47)
Ja'Keem Jackson,CB,Florida,171,172,-1,76.08,76.01,-0.07,-0.02,0.0,0.0,0.0,athletic (down 0.02)
Elijah Pritchett,OT,Nebraska Cornhuskers,262,263,-1,73.18,73.11,-0.07,-1.12,0.0,0.0,0.0,athletic (down 1.12)
Ryan Baer,OT,Pittsburgh Panthers,297,298,-1,71.86,71.79,-0.07,-1.12,0.0,0.0,0.0,athletic (down 1.12)
Dametrious Crownover,OT,Texas A&M Aggies,362,363,-1,69.1,69.04,-0.06,-1.12,0.0,0.07,0.0,athletic (down 1.12)
Eric O'Neill,EDGE,Rutgers Scarlet Knights,363,364,-1,68.93,69.01,0.08,-0.78,0.0,0.0,0.0,athletic (down 0.78)
Diego Pounds,OT,Mississippi Rebels,403,404,-1,66.17,66.13,-0.04,-1.12,0.0,0.01,0.0,athletic (down 1.12)
Tristan Leigh,OT,Clemson Tigers,406,407,-1,66.14,66.1,-0.04,-1.12,0.0,0.01,0.0,athletic (down 1.12)
DJ Harvey,CB,USC Trojans,407,408,-1,66.13,66.03,-0.1,-2.34,0.0,0.01,0.0,athletic (down 2.34)
Seydou Traore,TE,Mississippi State Bulldogs,413,414,-1,65.88,65.49,-0.39,-1.33,0.0,0.01,0.0,athletic (down 1.33)
Miles Kitselman,TE,Tennessee Volunteers,417,418,-1,65.78,65.38,-0.4,-1.33,0.0,0.01,0.0,athletic (down 1.33)
Bauer Sharp,TE,LSU Tigers,418,419,-1,65.7,65.3,-0.4,-1.33,0.0,0.0,0.0,athletic (down 1.33)
Mark Gronowski,QB,Iowa Hawkeyes,445,446,-1,64.32,63.86,-0.46,-0.33,0.65,0.0,0.0,production (up 0.65)
Luke Petitbon,IOL,Florida State Seminoles,450,451,-1,64.07,63.5,-0.57,-2.43,0.0,0.01,0.0,athletic (down 2.43)
Davion Carter,IOL,Texas Tech Red Raiders,451,452,-1,64.01,63.44,-0.57,-2.43,0.0,0.01,0.0,athletic (down 2.43)
Jack Velling,TE,Michigan State Spartans,455,456,-1,63.47,63.07,-0.4,-1.33,0.0,0.0,0.0,athletic (down 1.33)
Derrick Moore,EDGE,Michigan,67,69,-2,79.38,78.84,-0.54,-0.17,2.03,0.02,-0.68,production (up 2.03)
Isaiah World,OT,Oregon,84,86,-2,78.32,78.12,-0.2,-0.3,0.0,-0.01,0.0,athletic (down 0.30)
Malik Muhammad,CB,Texas,226,228,-2,74.41,74.37,-0.04,-1.66,-0.01,0.09,0.0,athletic (down 1.66)
Tanner Koziol,TE,Houston,236,238,-2,74.03,73.82,-0.21,-0.39,0.15,-0.01,0.0,athletic (down 0.39)
Dante Moore,QB,Oregon,270,272,-2,72.89,72.74,-0.15,-0.33,0.0,0.05,0.0,athletic (down 0.33)
Joe Royer,TE,Cincinnati Bearcats,278,280,-2,72.65,72.47,-0.18,-1.33,0.0,0.01,0.0,athletic (down 1.33)
Jeremiah Franklin,TE,Boston College Eagles,339,341,-2,70.25,69.93,-0.32,-1.33,0.0,0.0,0.0,athletic (down 1.33)
Izavion Miller,IOL,Auburn Tigers,446,448,-2,64.23,63.66,-0.57,-2.43,0.0,0.0,0.0,athletic (down 2.43)
Denzel Boston,WR,Washington,16,19,-3,81.91,81.24,-0.67,0.12,-0.01,0.0,0.56,guardrail_relief (up 0.56)
Brandon Cisse,CB,South Carolina Gamecocks,41,44,-3,80.66,79.84,-0.82,-2.34,-0.04,-0.01,0.0,athletic (down 2.34)
Caleb Tiernan,OT,Northwestern Wildcats,119,122,-3,77.32,77.1,-0.22,-1.12,0.0,0.01,0.0,athletic (down 1.12)
Sam Roush,TE,Stanford Cardinal,124,127,-3,77.18,77.02,-0.16,-1.33,0.0,0.0,0.0,athletic (down 1.33)
Josh Cuevas,TE,Alabama Crimson Tide,140,143,-3,76.89,76.65,-0.24,-1.33,-0.37,0.0,0.0,athletic (down 1.33)
Jaden Rashada,QB,Sacramento State,239,242,-3,73.88,73.71,-0.17,-0.89,0.0,-0.01,0.0,athletic (down 0.89)
John Michael Gyllenborg,TE,Wyoming Cowboys,274,277,-3,72.84,72.64,-0.2,-1.33,0.0,0.0,0.0,athletic (down 1.33)
Dane Key,WR,Georgia,333,336,-3,70.44,70.11,-0.33,-0.1,0.0,0.0,0.0,athletic (down 0.10)
Noah Whittington,RB,Oregon Ducks,377,380,-3,67.9,67.84,-0.06,-1.79,0.45,0.0,0.0,athletic (down 1.79)
Ceyair Wright,CB,Nebraska Cornhuskers,385,388,-3,67.22,67.12,-0.1,-2.34,0.0,0.01,0.0,athletic (down 2.34)
Tomas Rimac,IOL,Virginia Tech Hokies,444,447,-3,64.32,63.75,-0.57,-2.43,0.0,0.0,0.0,athletic (down 2.43)
Josh Thompson,IOL,LSU Tigers,447,450,-3,64.13,63.56,-0.57,-2.43,0.0,0.01,0.0,athletic (down 2.43)
Jake Retzlaff,QB,Tulane Green Wave,454,457,-3,63.47,62.93,-0.54,-0.33,0.26,0.01,0.0,athletic (down 0.33)
T.J. Parker,EDGE,Clemson,44,48,-4,80.38,79.52,-0.86,-1.17,0.04,-0.01,0.0,athletic (down 1.17)
Blake Miller,OT,Clemson Tigers,45,49,-4,80.37,79.51,-0.86,-1.12,0.0,0.01,0.0,athletic (down 1.12)
CJ Mims,EDGE,West Virginia,116,120,-4,77.44,77.13,-0.31,-1.23,0.0,0.0,0.0,athletic (down 1.23)
Earnest Greene III,OT,Georgia,192,196,-4,75.66,75.39,-0.27,-2.3,0.0,0.0,0.0,athletic (down 2.30)
Jake Slaughter,IOL,Florida,205,209,-4,75.36,75.02,-0.34,-1.84,0.0,0.0,0.0,athletic (down 1.84)
Kamari Ramsey,S,USC Trojans,223,227,-4,74.51,74.41,-0.1,-1.97,-0.2,-0.01,0.0,athletic (down 1.97)
TJ Hall,CB,Iowa Hawkeyes,366,370,-4,68.77,68.65,-0.12,-2.34,0.01,0.09,0.0,athletic (down 2.34)
Noah Thomas,WR,Georgia Bulldogs,419,423,-4,65.62,65.03,-0.59,-1.71,0.0,0.01,0.0,athletic (down 1.71)
Sawyer Robertson,QB,Baylor Bears,420,424,-4,65.58,65.01,-0.57,-0.33,0.22,0.07,0.0,athletic (down 0.33)
Jeremiah Wright,IOL,Auburn Tigers,430,434,-4,65.03,64.45,-0.58,-2.43,0.0,0.12,0.0,athletic (down 2.43)
Skyler Bell,WR,Connecticut Huskies,18,23,-5,81.72,81.13,-0.59,-1.71,-0.1,-0.01,0.0,athletic (down 1.71)
Akheem Mesidor,EDGE,Miami (FL) Hurricanes,29,34,-5,81.33,80.24,-1.09,-0.78,0.0,-0.04,-0.58,athletic (down 0.78)
Eugene Brooks III,IOL,Oklahoma,71,76,-5,79.04,78.51,-0.53,-0.47,0.0,-0.01,0.0,athletic (down 0.47)
Chris Brazzell II,WR,Tennessee Volunteers,74,79,-5,78.96,78.46,-0.5,-1.71,0.08,0.06,0.0,athletic (down 1.71)
Barika Kpeenu,RB,North Dakota State,141,146,-5,76.82,76.61,-0.21,-1.79,0.0,0.06,0.0,athletic (down 1.79)
Rodney Hammond Jr.,RB,Sacramento State,142,147,-5,76.82,76.61,-0.21,-1.79,0.0,0.06,0.0,athletic (down 1.79)
Denairius Gray,CB,Florida,163,168,-5,76.2,76.14,-0.06,0.03,0.0,0.0,0.0,athletic (up 0.03)
Demond Claiborne,RB,Wake Forest,268,273,-5,72.95,72.68,-0.27,-2.66,0.41,0.05,0.0,athletic (down 2.66)
Reggie Virgil,WR,Texas Tech Red Raiders,290,295,-5,72.27,71.87,-0.4,-1.71,0.0,0.0,0.0,athletic (down 1.71)
Josh Moten,CB,Southern Miss Golden Eagles,378,383,-5,67.62,67.54,-0.08,-2.34,0.07,0.0,0.0,athletic (down 2.34)
Adam Randall,RB,Clemson Tigers,395,400,-5,66.51,66.46,-0.05,-1.79,0.51,0.0,0.0,athletic (down 1.79)
Diego Pavia,QB,Vanderbilt Commodores,410,415,-5,66.01,65.41,-0.6,-0.33,0.0,0.01,0.0,athletic (down 0.33)
Caullin Lacy,WR,Louisville Cardinals,411,416,-5,66.0,65.41,-0.59,-1.71,0.0,0.0,0.0,athletic (down 1.71)
Dillon Wade,IOL,Auburn Tigers,421,426,-5,65.57,65.0,-0.57,-2.43,0.0,0.0,0.0,athletic (down 2.43)
Harrison Wallace III,WR,Mississippi Rebels,423,428,-5,65.4,64.83,-0.57,-1.71,0.09,0.01,0.0,athletic (down 1.71)
Lake McRee,TE,USC Trojans,425,430,-5,65.25,64.76,-0.49,-1.33,-0.44,0.01,0.0,athletic (down 1.33)
Monroe Freeling,OT,Georgia,23,29,-6,81.56,80.85,-0.71,-1.12,0.0,0.0,0.0,athletic (down 1.12)
Emmanuel Pregnon,IOL,Oregon Ducks,25,31,-6,81.55,80.53,-1.02,-2.43,0.0,0.03,0.0,athletic (down 2.43)
Skyler Gill-Howard,DT,Texas Tech Red Raiders,58,64,-6,79.5,79.03,-0.47,-1.79,0.0,0.0,-1.29,athletic (down 1.79)
Kani Walker,CB,Oregon,184,190,-6,75.81,75.5,-0.31,-1.67,0.0,0.0,0.0,athletic (down 1.67)
Oscar Delp,TE,Georgia,186,192,-6,75.72,75.47,-0.25,-1.98,0.0,0.0,0.0,athletic (down 1.98)
Gunner Stockton,QB,Georgia,213,219,-6,75.05,74.67,-0.38,-2.1,-0.1,0.0,0.0,athletic (down 2.10)
Ethan Burke,EDGE,Texas,260,266,-6,73.21,72.93,-0.28,-0.78,0.0,0.14,0.0,athletic (down 0.78)
Jude Bowry,OT,Boston College Eagles,261,267,-6,73.19,72.84,-0.35,-1.12,0.0,0.03,0.0,athletic (down 1.12)
Riley Nowakowski,TE,Indiana Hoosiers,348,354,-6,69.89,69.38,-0.51,-1.33,-0.52,0.01,0.0,athletic (down 1.33)
Vinny Anthony II,WR,Wisconsin Badgers,356,362,-6,69.44,69.05,-0.39,-1.71,0.0,0.0,0.0,athletic (down 1.71)
Desmond Reid,RB,Pittsburgh Panthers,381,387,-6,67.36,67.43,0.07,-1.79,1.1,0.0,0.0,athletic (down 1.79)
Caden Barnett,IOL,Wyoming Cowboys,415,421,-6,65.8,65.23,-0.57,-2.43,0.0,0.0,0.0,athletic (down 2.43)
Ethan Onianwa,IOL,Ohio State Buckeyes,427,433,-6,65.2,64.63,-0.57,-2.43,0.0,0.0,0.0,athletic (down 2.43)
Carnell Tate,WR,Ohio State,1,8,-7,83.03,81.98,-1.05,-1.41,-0.48,0.0,0.56,athletic (down 1.41)
Omar Cooper Jr.,WR,Indiana Hoosiers,30,37,-7,81.33,80.2,-1.13,-1.71,0.1,0.03,0.0,athletic (down 1.71)
DJ McKinney,CB,Colorado,56,63,-7,79.5,79.05,-0.45,-1.66,0.0,-0.01,0.0,athletic (down 1.66)
CJ Daniels,WR,Miami (FL) Hurricanes,64,71,-7,79.46,78.72,-0.74,-1.71,-0.09,0.0,0.0,athletic (down 1.71)
Hollin Pierce,OT,Rutgers,90,97,-7,78.09,77.82,-0.27,1.28,0.0,-0.01,0.0,athletic (up 1.28)
J.C. Davis,OT,Illinois Fighting Illini,95,102,-7,78.0,77.77,-0.23,-1.12,0.0,-0.01,0.09,athletic (down 1.12)
Jordan Shaw,CB,Washington,181,188,-7,75.84,75.54,-0.3,-1.66,0.0,0.0,0.0,athletic (down 1.66)
Lorenzo Styles Jr.,CB,Ohio State,182,189,-7,75.82,75.51,-0.31,-1.76,0.0,0.0,0.0,athletic (down 1.76)
John Mateer,QB,Oklahoma,277,284,-7,72.7,72.42,-0.28,-0.33,0.0,0.12,0.0,athletic (down 0.33)
Jeff Caldwell,WR,Cincinnati Bearcats,306,313,-7,71.48,70.9,-0.58,-1.71,0.06,0.0,0.0,athletic (down 1.71)
Taylen Green,QB,Arkansas Razorbacks,340,347,-7,70.23,69.69,-0.54,-0.33,0.29,0.0,0.0,athletic (down 0.33)
Maverick McIvor,QB,Western Kentucky Hilltoppers,351,358,-7,69.69,69.23,-0.46,-0.33,0.25,0.0,0.0,athletic (down 0.33)
Joshua Braun,IOL,Kentucky Wildcats,431,438,-7,64.84,64.26,-0.58,-2.43,0.0,0.0,0.0,athletic (down 2.43)
Squirrel White,WR,Florida State Seminoles,435,442,-7,64.66,64.07,-0.59,-1.71,0.0,0.0,0.0,athletic (down 1.71)
Garrett DiGiorgio,IOL,UCLA Bruins,436,443,-7,64.6,64.03,-0.57,-2.43,0.0,0.0,0.0,athletic (down 2.43)
Keionte Scott,CB,Miami (FL) Hurricanes,3,11,-8,82.81,81.76,-1.05,-2.34,-0.16,0.0,-0.52,athletic (down 2.34)
Olaivavega Ioane,IOL,Penn State Nittany Lions,17,25,-8,81.83,81.05,-0.78,-2.43,0.0,0.01,0.56,athletic (down 2.43)
Xavier Chaplin,OT,Auburn,98,106,-8,77.99,77.65,-0.34,0.77,0.0,-0.01,0.0,athletic (up 0.77)
Drew Shelton,OT,Penn State Nittany Lions,117,125,-8,77.42,77.08,-0.34,-1.12,0.0,0.0,0.0,athletic (down 1.12)
Tommy Castellanos,QB,Florida State Seminoles,267,275,-8,72.97,72.65,-0.32,-0.33,0.0,0.0,0.0,athletic (down 0.33)
Cyrus Allen,WR,Cincinnati Bearcats,353,361,-8,69.62,69.07,-0.55,-1.71,0.14,0.0,0.0,athletic (down 1.71)
Grayson James,QB,Boston College Eagles,365,373,-8,68.81,68.3,-0.51,-0.33,0.0,0.01,0.0,athletic (down 0.33)
Trebor Pena,WR,Penn State Nittany Lions,424,432,-8,65.3,64.64,-0.66,-1.71,-0.34,0.01,0.0,athletic (down 1.71)
Dillon Bell,WR,Georgia Bulldogs,433,441,-8,64.8,64.21,-0.59,-1.71,0.0,0.01,0.0,athletic (down 1.71)
Fernando Carmona,IOL,Arkansas Razorbacks,437,445,-8,64.53,63.94,-0.59,-2.43,0.0,0.12,0.0,athletic (down 2.43)
Fernando Mendoza,QB,Indiana,12,21,-9,82.01,81.14,-0.87,0.57,0.0,0.0,0.56,athletic (up 0.57)
Ja'Kobi Lane,WR,USC,198,207,-9,75.52,75.04,-0.48,-0.87,-0.01,0.03,0.0,athletic (down 0.87)
DJ Campbell,IOL,Texas Longhorns,212,221,-9,75.13,74.56,-0.57,-2.43,0.0,0.0,0.0,athletic (down 2.43)
Jager Burton,IOL,Kentucky Wildcats,215,224,-9,75.03,74.45,-0.58,-2.43,0.0,-0.01,0.0,athletic (down 2.43)
Jaren Kump,IOL,Utah Utes,341,350,-9,70.21,69.6,-0.61,-2.43,0.0,0.0,0.0,athletic (down 2.43)
Daniel King,IOL,North Carolina Tar Heels,343,352,-9,70.16,69.56,-0.6,-2.43,0.0,0.0,0.0,athletic (down 2.43)
Walker Eget,QB,San Jose State Spartans,360,369,-9,69.2,68.66,-0.54,-0.33,-0.13,0.0,0.0,athletic (down 0.33)
Josh Cameron,WR,Baylor Bears,367,376,-9,68.71,68.04,-0.67,-1.71,-0.34,0.06,0.0,athletic (down 1.71)
Jeadyn Lukus,CB,Clemson Tigers,370,379,-9,68.18,67.86,-0.32,-2.34,0.0,0.0,0.0,athletic (down 2.34)
RJ Maryland,TE,SMU,408,417,-9,66.1,65.4,-0.7,-3.21,0.0,0.01,0.0,athletic (down 3.21)
Jermod McCoy,CB,Tennessee,46,56,-10,80.36,79.23,-1.13,-0.94,0.0,-0.02,0.0,athletic (down 0.94)
Trevor Goosby,OT,Texas,161,171,-10,76.25,76.01,-0.24,-1.12,0.0,0.08,0.0,athletic (down 1.12)
Toriano Pride Jr.,CB,Missouri,173,183,-10,76.01,75.68,-0.33,-1.66,0.0,0.0,0.0,athletic (down 1.66)
Connor Lew,IOL,Auburn Tigers,204,214,-10,75.36,74.85,-0.51,-2.43,0.0,0.01,0.0,athletic (down 2.43)
Germie Bernard,WR,Alabama,206,216,-10,75.26,74.81,-0.45,-1.41,-0.24,0.02,0.0,athletic (down 1.41)
Anthony Smith,WR,East Carolina Pirates,313,323,-10,71.27,70.64,-0.63,-1.71,-0.24,0.0,0.0,athletic (down 1.71)
Zavion Thomas,WR,LSU Tigers,350,360,-10,69.79,69.2,-0.59,-1.71,0.0,0.0,0.0,athletic (down 1.71)
Micah Morris,IOL,Georgia Bulldogs,375,385,-10,68.04,67.47,-0.57,-2.43,0.0,0.0,0.0,athletic (down 2.43)
Athan Kaliakmanis,QB,Rutgers Scarlet Knights,402,412,-10,66.17,65.57,-0.6,-0.33,0.0,0.01,0.0,athletic (down 0.33)
Makai Lemon,WR,USC Trojans,4,15,-11,82.57,81.42,-1.15,-1.71,-0.24,0.0,0.56,athletic (down 1.71)
Aamil Wagner,OT,Notre Dame,148,159,-11,76.66,76.36,-0.3,-2.8,0.0,0.0,0.0,athletic (down 2.80)
Keagen Trost,OT,Missouri,234,245,-11,74.08,73.63,-0.45,-1.12,0.0,0.1,0.0,athletic (down 1.12)
Terrance Carter Jr.,TE,Texas Tech,244,255,-11,73.79,73.42,-0.37,-1.33,0.0,0.19,0.0,athletic (down 1.33)
AJ Harris,CB,Penn State,247,258,-11,73.68,73.32,-0.36,-2.34,0.0,0.18,0.0,athletic (down 2.34)
Jalon Daniels,QB,Kansas Jayhawks,314,325,-11,71.18,70.6,-0.58,-0.33,0.08,0.0,0.0,athletic (down 0.33)
Devonte Ross,WR,Penn State Nittany Lions,321,332,-11,70.8,70.22,-0.58,-1.71,0.0,0.0,0.0,athletic (down 1.71)
Caleb Douglas,WR,Texas Tech Red Raiders,345,356,-11,70.04,69.36,-0.68,-1.71,-0.45,0.01,0.0,athletic (down 1.71)
Luke Altmyer,QB,Illinois Fighting Illini,354,365,-11,69.6,69.0,-0.6,-0.33,-0.01,0.0,0.0,athletic (down 0.33)
Carsen Ryan,TE,BYU Cougars,382,393,-11,67.3,66.89,-0.41,-1.33,-0.07,0.0,0.0,athletic (down 1.33)
Behren Morton,QB,Texas Tech Red Raiders,399,410,-11,66.31,65.71,-0.6,-0.33,0.04,0.0,0.0,athletic (down 0.33)
Jadarian Price,RB,Notre Dame Fighting Irish,76,88,-12,78.63,78.1,-0.53,-1.79,0.49,0.0,0.0,athletic (down 1.79)
Elijah Sarratt,WR,Indiana Hoosiers,86,98,-12,78.24,77.79,-0.45,-1.71,-0.04,0.0,0.0,athletic (down 1.71)
Arlis Boardingham,TE,Florida,225,237,-12,74.44,73.86,-0.58,-1.98,0.0,0.0,0.0,athletic (down 1.98)
J. Michael Sturdivant,WR,Florida Gators,241,253,-12,73.86,73.46,-0.4,-1.71,0.0,0.0,0.0,athletic (down 1.71)
Marlin Klein,TE,Michigan Wolverines,245,257,-12,73.72,73.33,-0.39,-1.33,0.0,0.0,0.0,athletic (down 1.33)
Dae'Quan Wright,TE,Mississippi Rebels,264,276,-12,73.04,72.64,-0.4,-1.33,-0.09,0.0,0.0,athletic (down 1.33)
Cole Payton,QB,North Dakota State,275,287,-12,72.81,72.21,-0.6,-0.33,0.0,0.15,0.0,athletic (down 0.33)
Logan Jones,IOL,Iowa Hawkeyes,293,305,-12,72.17,71.41,-0.76,-2.43,0.0,0.04,0.0,athletic (down 2.43)
Nadame Tucker,EDGE,Western Michigan Broncos,312,324,-12,71.3,70.61,-0.69,-0.78,2.42,0.03,-1.35,production (up 2.42)
Joe Fagnano,QB,Connecticut Huskies,391,403,-12,66.92,66.32,-0.6,-0.33,0.0,0.01,0.0,athletic (down 0.33)
Colbie Young,WR,Georgia Bulldogs,393,405,-12,66.82,66.13,-0.69,-1.71,-0.45,0.0,0.0,athletic (down 1.71)
Austin Barber,OT,Florida,149,162,-13,76.62,76.25,-0.37,-1.24,0.0,-0.01,0.0,athletic (down 1.24)
Chandler Rivers,CB,Duke,160,173,-13,76.29,75.98,-0.31,-3.85,0.0,0.01,0.0,athletic (down 3.85)
Nic Anderson,WR,Oklahoma,207,220,-13,75.21,74.64,-0.57,0.53,0.0,0.0,0.0,athletic (up 0.53)
Devin Moore,CB,Florida,221,234,-13,74.72,74.01,-0.71,-2.34,0.0,0.05,0.0,athletic (down 2.34)
Dallen Bentley,TE,Utah Utes,246,259,-13,73.71,73.31,-0.4,-1.33,-0.07,-0.01,0.0,athletic (down 1.33)
Lewis Bond,WR,Boston College Eagles,326,339,-13,70.6,70.02,-0.58,-1.71,0.07,0.0,0.0,athletic (down 1.71)
Donavon Greene,WR,Virginia Tech Hokies,330,343,-13,70.48,69.9,-0.58,-1.71,0.0,0.0,0.0,athletic (down 1.71)
Chris Hilton Jr.,WR,LSU Tigers,331,344,-13,70.48,69.9,-0.58,-1.71,0.0,0.0,0.0,athletic (down 1.71)
Trey Zuhn III,IOL,Texas A&M,332,345,-13,70.47,69.81,-0.66,-2.43,0.0,0.1,0.0,athletic (down 2.43)
Hank Beatty,WR,Illinois Fighting Illini,368,381,-13,68.37,67.79,-0.58,-1.71,0.03,0.0,0.0,athletic (down 1.71)
Evan Stewart,WR,Oregon,68,82,-14,79.19,78.3,-0.89,-3.44,0.0,0.0,0.0,athletic (down 3.44)
Langston Jones,OT,Lehigh,99,114,-15,77.87,77.39,-0.48,-1.12,0.0,0.05,0.0,athletic (down 1.12)
Ricardo Jones Jr.,CB,Purdue,162,177,-15,76.25,75.86,-0.39,-2.02,0.0,0.01,0.0,athletic (down 2.02)
Samari Matthews,CB,Texas A&M,164,179,-15,76.19,75.81,-0.38,-2.02,0.0,0.0,0.0,athletic (down 2.02)
Rohan Jones,TE,Arkansas Razorbacks,249,264,-15,73.46,73.08,-0.38,-1.33,-0.3,0.0,0.0,athletic (down 1.33)
Barion Brown,WR,LSU,285,300,-15,72.47,71.69,-0.78,-2.65,-0.29,0.0,0.0,athletic (down 2.65)
Jordyn Tyson,WR,Arizona State,10,26,-16,82.14,80.97,-1.17,-2.06,-0.29,0.0,0.56,athletic (down 2.06)
Ty Simpson,QB,Alabama Crimson Tide,37,53,-16,80.88,79.26,-1.62,-0.33,0.33,0.03,0.0,athletic (down 0.33)
Kevin Concepcion,WR,Texas A&M,42,58,-16,80.59,79.15,-1.44,-3.61,0.0,-0.01,0.0,athletic (down 3.61)
De'Zhaun Stribling,WR,Mississippi Rebels,94,110,-16,78.0,77.54,-0.46,-1.71,0.1,0.0,0.23,athletic (down 1.71)
Tyreak Chappell,CB,South Carolina,166,182,-16,76.17,75.73,-0.44,-2.34,0.0,0.0,0.0,athletic (down 2.34)
Garrett Nussmeier,QB,LSU,209,225,-16,75.18,74.44,-0.74,-3.0,0.55,0.0,0.0,athletic (down 3.00)
Nate Boerkircher,TE,Texas A&M Aggies,240,256,-16,73.86,73.4,-0.46,-1.33,-0.35,-0.01,0.0,athletic (down 1.33)
Mason Randolph,IOL,Boise State Broncos,324,340,-16,70.62,70.02,-0.6,-2.43,0.0,0.0,0.0,athletic (down 2.43)
Kobe Baynes,IOL,Kansas Jayhawks,380,396,-16,67.41,66.83,-0.58,-2.43,0.0,0.01,0.0,athletic (down 2.43)
Kenyon Sadiq,TE,Oregon,40,57,-17,80.7,79.22,-1.48,-3.44,-0.32,0.0,0.0,athletic (down 3.44)
Brenen Thompson,WR,Mississippi State Bulldogs,269,286,-17,72.95,72.25,-0.7,-1.71,0.2,0.04,0.0,athletic (down 1.71)
Emmanuel Henderson Jr.,WR,Kansas,287,304,-17,72.41,71.46,-0.95,-1.71,0.0,0.13,0.0,athletic (down 1.71)
Jordan Hudson,WR,SMU,311,328,-17,71.31,70.36,-0.95,-1.71,0.0,0.13,0.0,athletic (down 1.71)
Jalen Walthall,WR,Incarnate Word,389,406,-17,67.05,66.11,-0.94,-1.71,0.0,0.18,0.0,athletic (down 1.71)
Spencer Fano,OT,Utah,21,39,-18,81.61,80.13,-1.48,-3.26,0.0,-0.02,0.0,athletic (down 3.26)
Gennings Dunker,OT,Iowa Hawkeyes,81,99,-18,78.41,77.79,-0.62,-1.12,0.0,-0.02,0.0,athletic (down 1.12)
Chris Bell,WR,Louisville,83,101,-18,78.38,77.78,-0.6,0.08,-0.18,0.04,0.0,production (down 0.18)
Sam Hecht,IOL,Kansas State Wildcats,131,149,-18,77.02,76.59,-0.43,-2.43,0.0,0.01,0.0,athletic (down 2.43)
Eric McAlister,WR,TCU Horned Frogs,167,185,-18,76.16,75.61,-0.55,-1.71,0.15,0.0,0.0,athletic (down 1.71)
Treyveon McGee,CB,Georgia,188,206,-18,75.7,75.05,-0.65,-3.85,0.0,0.0,0.0,athletic (down 3.85)
Pat Coogan,IOL,Indiana Hoosiers,229,247,-18,74.34,73.59,-0.75,-2.43,0.0,0.05,0.0,athletic (down 2.43)
Oscar Cardenas,TE,UTSA,230,248,-18,74.33,73.55,-0.78,-3.21,0.0,0.01,0.0,athletic (down 3.21)
Kage Casey,OT,Boise State,253,271,-18,73.35,72.76,-0.59,-2.65,0.0,0.04,0.0,athletic (down 2.65)
Alex Harkey,IOL,Oregon,256,274,-18,73.33,72.66,-0.67,-2.43,0.0,0.13,0.0,athletic (down 2.43)
Chase Roberts,WR,BYU Cougars,263,281,-18,73.13,72.47,-0.66,-1.71,-0.33,0.0,0.0,athletic (down 1.71)
Avieon Terrell,CB,Clemson,22,41,-19,81.59,80.11,-1.48,-3.27,-0.07,-0.03,0.0,athletic (down 3.27)
Charles Demmings,CB,Stephen F. Austin,232,251,-19,74.12,73.5,-0.62,-2.34,0.0,0.19,0.0,athletic (down 2.34)
Aaron Anderson,WR,LSU Tigers,235,254,-19,74.07,73.45,-0.62,-1.71,-0.19,0.0,0.0,athletic (down 1.71)
Mansoor Delane,CB,LSU Tigers,7,27,-20,82.28,80.96,-1.32,-2.34,-0.04,-0.01,-0.54,athletic (down 2.34)
Chris Johnson,CB,San Diego State Aztecs,47,67,-20,80.08,78.87,-1.21,-2.34,-0.1,0.01,-1.09,athletic (down 2.34)
Matayo Uiagalelei,EDGE,Oregon,92,112,-20,78.05,77.48,-0.57,-0.78,0.0,0.1,0.0,athletic (down 0.78)
Keylan Rutledge,IOL,Georgia Tech Yellow Jackets,224,244,-20,74.44,73.68,-0.76,-2.43,0.0,0.02,0.0,athletic (down 2.43)
Parker Brailsford,IOL,Alabama,302,322,-20,71.61,70.67,-0.94,-4.43,0.0,0.1,0.0,athletic (down 4.43)
Deion Burks,WR,Oklahoma Sooners,70,91,-21,79.12,78.06,-1.06,-1.71,0.0,0.0,0.0,athletic (down 1.71)
Chase Bisontis,IOL,Texas A&M,109,130,-21,77.52,76.99,-0.53,0.51,0.0,0.01,0.0,athletic (up 0.51)
Jeremiah Wilson,CB,Florida State,174,195,-21,75.99,75.4,-0.59,-3.5,0.0,0.0,0.0,athletic (down 3.50)
Kevin Coleman Jr.,WR,Missouri Tigers,299,320,-21,71.77,70.72,-1.05,-1.71,-0.16,0.09,0.0,athletic (down 1.71)
Anez Cooper,IOL,Miami,316,337,-21,71.02,70.06,-0.96,-2.43,0.0,0.11,0.0,athletic (down 2.43)
Keyshawn James-Newby,EDGE,New Mexico Lobos,374,395,-21,68.08,66.84,-1.24,-0.78,0.0,0.01,-1.34,guardrail_relief (down 1.34)
Eric Singleton Jr.,WR,Auburn,85,107,-22,78.27,77.64,-0.63,-1.71,0.0,0.08,0.0,athletic (down 1.71)
Johntay Cook,WR,Texas,208,230,-22,75.2,74.24,-0.96,-3.12,0.0,0.01,0.0,athletic (down 3.12)
Rueben Bain Jr.,EDGE,Miami (FL) Hurricanes,19,42,-23,81.68,80.01,-1.67,-0.78,0.0,-0.03,-0.67,athletic (down 0.78)
Ashton Stamps,CB,LSU,177,200,-23,75.9,75.23,-0.67,-4.04,0.0,0.0,0.0,athletic (down 4.04)
Carter Smith,IOL,Indiana,255,278,-23,73.34,72.56,-0.78,-2.43,0.0,0.18,0.0,athletic (down 2.43)
Eric Rivers,WR,Georgia Tech Yellow Jackets,283,306,-23,72.5,71.39,-1.11,-1.71,-0.46,0.09,0.0,athletic (down 1.71)
Treydan Stukes,CB,Arizona Wildcats,315,338,-23,71.16,70.04,-1.12,-2.34,-0.11,0.1,-0.99,athletic (down 2.34)
Miller Moss,QB,Louisville,334,357,-23,70.36,69.32,-1.04,-3.38,0.2,0.01,0.0,athletic (down 3.38)
Eli Stowers,TE,Vanderbilt,72,96,-24,78.98,77.86,-1.12,-3.45,0.16,-0.01,0.0,athletic (down 3.45)
Kade Pieper,IOL,Iowa,128,152,-24,77.12,76.56,-0.56,-2.43,0.0,0.09,0.0,athletic (down 2.43)
D'Angelo Ponds,CB,Indiana Hoosiers,43,68,-25,80.56,78.85,-1.71,-2.34,-0.05,0.02,-1.05,athletic (down 2.34)
Bryce Lovett,IOL,NC State,123,148,-25,77.22,76.6,-0.62,0.48,0.0,0.0,0.0,athletic (up 0.48)
Joe Crocker Jr.,IOL,Auburn,133,158,-25,77.01,76.41,-0.6,0.51,0.0,-0.01,0.0,athletic (up 0.51)
Cade Klubnik,QB,Clemson,144,169,-25,76.8,76.07,-0.73,-2.87,0.47,0.0,0.0,athletic (down 2.87)
Holden Staes,TE,Tennessee,266,291,-25,73.0,72.06,-0.94,-3.07,0.0,0.01,0.0,athletic (down 3.07)
Malachi Fields,WR,Notre Dame Fighting Irish,66,92,-26,79.38,78.06,-1.32,-1.71,-0.64,0.0,0.0,athletic (down 1.71)
Jeremiah Alexander,EDGE,Alabama,129,155,-26,77.1,76.51,-0.59,-2.97,0.0,0.0,0.0,athletic (down 2.97)
Jadon Canady,CB,Oregon Ducks,172,198,-26,76.01,75.35,-0.66,-2.34,-0.1,0.0,-0.54,athletic (down 2.34)
Isaiah Sategna,WR,Arkansas,210,236,-26,75.16,73.95,-1.21,-3.53,0.0,0.01,0.0,athletic (down 3.53)
Michael Trigg,TE,Baylor Bears,189,217,-28,75.69,74.75,-0.94,-1.33,-0.23,0.04,0.0,athletic (down 1.33)
Daniel Sobkowicz,WR,Illinois State,103,132,-29,77.77,76.96,-0.81,-1.71,0.0,0.06,0.0,athletic (down 1.71)
Michael Briscoe,WR,Cal Poly,104,133,-29,77.77,76.96,-0.81,-1.71,0.0,0.06,0.0,athletic (down 1.71)
Treyvhon Saunders,WR,Colgate,105,134,-29,77.77,76.96,-0.81,-1.71,0.0,0.06,0.0,athletic (down 1.71)
Addison Nichols,IOL,Arkansas,121,150,-29,77.27,76.59,-0.68,0.04,0.0,0.0,0.0,athletic (up 0.04)
Devon Marshall,CB,North Carolina State Wolfpack,298,327,-29,71.83,70.5,-1.33,-2.34,0.0,0.07,-1.2,athletic (down 2.34)
Zachariah Branch,WR,Georgia,55,85,-30,79.55,78.25,-1.3,-3.85,-0.13,-0.01,0.0,athletic (down 3.85)
Cayden Green,IOL,Missouri,156,186,-30,76.38,75.58,-0.8,-2.43,0.0,0.12,0.0,athletic (down 2.43)
Bryce Lance,WR,North Dakota State,157,187,-30,76.33,75.55,-0.78,-1.71,-0.28,0.11,0.0,athletic (down 1.71)
Carson Beck,QB,Miami (FL) Hurricanes,193,223,-30,75.65,74.45,-1.2,-0.33,-0.03,0.01,0.0,athletic (down 0.33)
Iapani Laloulu,IOL,Oregon,170,201,-31,76.1,75.22,-0.88,-2.43,0.0,0.11,0.0,athletic (down 2.43)
Michael Wortham,WR,Montana,251,282,-31,73.37,72.45,-0.92,-1.71,0.0,0.23,0.0,athletic (down 1.71)
Brady Latham,IOL,Arkansas,48,80,-32,80.03,78.44,-1.59,-4.47,0.0,-0.01,0.0,athletic (down 4.47)
Ted Hurst,WR,Georgia State Panthers,132,164,-32,77.02,76.22,-0.8,-1.71,-0.31,0.05,0.0,athletic (down 1.71)
Justin Joly,TE,North Carolina State Wolfpack,89,123,-34,78.09,77.1,-0.99,-1.33,-0.27,0.02,0.0,athletic (down 1.33)
Timothy McKay,IOL,NC State,122,157,-35,77.24,76.43,-0.81,-0.72,0.0,0.0,0.0,athletic (down 0.72)
Max Klare,TE,Purdue,168,203,-35,76.15,75.14,-1.01,-3.21,-0.29,0.08,0.0,athletic (down 3.21)
Joshua Josephs,EDGE,Tennessee Volunteers,75,115,-40,78.78,77.33,-1.45,-0.78,0.0,0.04,-0.68,athletic (down 0.78)
KC Concepcion,WR,Texas A&M Aggies,79,119,-40,78.54,77.13,-1.41,-1.71,0.0,0.0,0.0,athletic (down 1.71)
LaNorris Sellers,QB,South Carolina,113,153,-40,77.5,76.54,-0.96,-0.33,0.0,-0.01,-1.24,guardrail_relief (down 1.24)
Max Iheanachor,OT,Arizona State Sun Devils,120,163,-43,77.27,76.22,-1.05,-1.12,0.0,0.01,0.0,athletic (down 1.12)
Beau Stephens,IOL,Iowa Hawkeyes,97,142,-45,78.0,76.67,-1.33,-2.43,0.0,0.09,0.25,athletic (down 2.43)
Trinidad Chambliss,QB,Mississippi Rebels,151,213,-62,76.5,74.91,-1.59,-0.33,0.0,0.01,0.0,athletic (down 0.33)
Antonio Williams,WR,Clemson,126,193,-67,77.14,75.47,-1.67,-3.23,-0.47,0.08,0.0,athletic (down 3.23)
Tanner Miller,IOL,Michigan,118,243,-125,77.35,73.7,-3.65,-18.74,0.0,0.0,0.0,athletic (down 18.74)
