"round","pick","overall_pick","team","original_pick_owner","acquired_via","player_name","position","school","final_grade","round_value","team_athletic_bias_enabled","team_athletic_fit_modifier","team_athletic_target_ras","player_athletic_proxy","player_athletic_source","team_athletic_tier","team_athletic_threshold_mode","team_athletic_threshold_confidence","team_athletic_bias_reason"
"1","1","1","LV","LV","","Fernando Mendoza","QB","Indiana","81.32","Round 2-3","0","0.0","","","none","","","","disabled"
"1","2","2","NYJ","NYJ","","Francis Mauigoa","OT","Miami (FL) Hurricanes","82.59","Round 1-2","0","0.0","","","none","","","","disabled"
"1","3","3","ARI","ARI","","Cashius Howell","EDGE","Texas A&M Aggies","83.56","Round 1-2","0","0.0","","","none","","","","disabled"
"1","4","4","TEN","TEN","","R Mason Thomas","EDGE","Oklahoma","82.79","Round 1-2","0","0.0","","","none","","","","disabled"
"1","5","5","NYG","NYG","","Kadyn Proctor","OT","Alabama","82.36","Round 1-2","0","0.0","","","none","","","","disabled"
"1","6","6","CLE","CLE","","Carnell Tate","WR","Ohio State","82.23","Round 2-3","0","0.0","","","none","","","","disabled"
"1","7","7","WAS","WAS","","Brian Parker II","OT","Duke Blue Devils","81.84","Round 2-3","0","0.0","","","none","","","","disabled"
"1","8","8","NO","NO","","David Bailey","EDGE","Texas Tech","82.38","Round 1-2","0","0.0","","","none","","","","disabled"
"1","9","9","KC","KC","","Monroe Freeling","OT","Georgia","80.85","Round 2-3","0","0.0","","","none","","","","disabled"
"1","10","10","CIN","CIN","","Keionte Scott","CB","Miami (FL) Hurricanes","82.84","Round 1-2","0","0.0","","","none","","","","disabled"
"1","11","11","MIA","MIA","","Caleb Downs","S","Ohio State","82.36","Round 1-2","0","0.0","","","none","","","","disabled"
"1","12","12","DAL","DAL","","Jeremiyah Love","RB","Notre Dame","83.47","Round 1-2","0","0.0","","","none","","","","disabled"
"1","13","13","LAR","ATL","LAR g ATL (2025 Draft trade)","Mansoor Delane","CB","LSU Tigers","82.05","Round 2-3","0","0.0","","","none","","","","disabled"
"1","14","14","BAL","BAL","","Caleb Lomu","OT","Utah","80.43","Round 2-3","0","0.0","","","none","","","","disabled"
"1","15","15","TB","TB","","Romello Height","EDGE","Texas Tech Red Raiders","81.13","Round 2-3","0","0.0","","","none","","","","disabled"
"1","16","16","NYJ","IND","NYJ g IND (A Gardner)","Makai Lemon","WR","USC Trojans","81.68","Round 2-3","0","0.0","","","none","","","","disabled"
"1","17","17","DET","DET","","Keldric Faulk","EDGE","Auburn","81.12","Round 2-3","0","0.0","","","none","","","","disabled"
"1","18","18","MIN","MIN","","Christen Miller","DT","Georgia Bulldogs","81.1","Round 2-3","0","0.0","","","none","","","","disabled"
"1","19","19","CAR","CAR","","Denzel Boston","WR","Washington","81.43","Round 2-3","0","0.0","","","none","","","","disabled"
"1","20","20","DAL","GB","DAL g GB (M Parsons)","Kayden McDonald","DT","Ohio State Buckeyes","80.9","Round 2-3","0","0.0","","","none","","","","disabled"
"1","21","21","PIT","PIT","","Caleb Banks","DT","Florida Gators","80.81","Round 2-3","0","0.0","","","none","","","","disabled"
"1","22","22","LAC","LAC","","Emmanuel McNeil-Warren","S","Toledo Rockets","81.7","Round 2-3","0","0.0","","","none","","","","disabled"
"1","23","23","PHI","PHI","","Zion Young","EDGE","Missouri Tigers","80.98","Round 2-3","0","0.0","","","none","","","","disabled"
"1","24","24","CLE","JAX","CLE g JAX (2025 Draft Trade)","Nyck Harbor","WR","South Carolina","81.4","Round 2-3","0","0.0","","","none","","","","disabled"
"1","25","25","CHI","CHI","","Spencer Fano","OT","Utah","80.13","Round 2-3","0","0.0","","","none","","","","disabled"
"1","26","26","BUF","BUF","","Dillon Thieneman","S","Oregon","81.66","Round 2-3","0","0.0","","","none","","","","disabled"
"1","27","27","SF","SF","","Blake Miller","OT","Clemson Tigers","79.51","Round 4-5","0","0.0","","","none","","","","disabled"
"1","28","28","HOU","HOU","","Skyler Bell","WR","Connecticut Huskies","81.38","Round 2-3","0","0.0","","","none","","","","disabled"
"1","29","29","LAR","LAR","","Arvell Reese","LB","Ohio State Buckeyes","81.78","Round 2-3","0","0.0","","","none","","","","disabled"
"1","30","30","DEN","DEN","","Jordyn Tyson","WR","Arizona State","81.26","Round 2-3","0","0.0","","","none","","","","disabled"
"1","31","31","NE","NE","","C.J. Allen","LB","Georgia","81.54","Round 2-3","0","0.0","","","none","","","","disabled"
"1","32","32","SEA","SEA","","Peter Woods","DT","Clemson","80.41","Round 2-3","0","0.0","","","none","","","","disabled"
"2","1","33","NYJ","NYJ","","Omar Cooper Jr.","WR","Indiana Hoosiers","80.4","Round 2-3","0","0.0","","","none","","","","disabled"
"2","2","34","ARI","ARI","","Akheem Mesidor","EDGE","Miami (FL) Hurricanes","80.25","Round 2-3","0","0.0","","","none","","","","disabled"
"2","3","35","TEN","TEN","","Ty Simpson","QB","Alabama Crimson Tide","79.37","Round 4-5","0","0.0","","","none","","","","disabled"
"2","4","36","LV","LV","","Colton Hood","CB","Tennessee Volunteers","80.19","Round 2-3","0","0.0","","","none","","","","disabled"
"2","5","37","NYG","NYG","","Sonny Styles","LB","Ohio State","81.26","Round 2-3","0","0.0","","","none","","","","disabled"
"2","6","38","HOU","WAS","HOU g WAS (L Tunsil)","Lee Hunter","DT","Texas Tech Red Raiders","79.82","Round 4-5","0","0.0","","","none","","","","disabled"
"2","7","39","CLE","CLE","","Olaivavega Ioane","IOL","Penn State Nittany Lions","81.05","Round 2-3","0","0.0","","","none","","","","disabled"
"2","8","40","KC","KC","","Emmanuel Pregnon","IOL","Oregon Ducks","80.53","Round 2-3","0","0.0","","","none","","","","disabled"
"2","9","41","CIN","CIN","","Avieon Terrell","CB","Clemson","80.09","Round 2-3","0","0.0","","","none","","","","disabled"
"2","10","42","NO","NO","","Rueben Bain Jr.","EDGE","Miami (FL) Hurricanes","80.01","Round 3-4","0","0.0","","","none","","","","disabled"
"2","11","43","MIA","MIA","","A.J. Haulcy","S","LSU Tigers","80.11","Round 2-3","0","0.0","","","none","","","","disabled"
"2","12","44","NYJ","DAL","NYJ g DAL (Q Williams)","Chris Johnson","CB","San Diego State Aztecs","79.94","Round 4-5","0","0.0","","","none","","","","disabled"
"2","13","45","BAL","BAL","","Daylen Everette","CB","Georgia","79.91","Round 4-5","0","0.0","","","none","","","","disabled"
"2","14","46","TB","TB","","Dani Dennis-Sutton","EDGE","Penn State Nittany Lions","79.96","Round 4-5","0","0.0","","","none","","","","disabled"
"2","15","47","IND","IND","","D'Angelo Ponds","CB","Indiana Hoosiers","79.88","Round 4-5","0","0.0","","","none","","","","disabled"
"2","16","48","ATL","ATL","","Mikail Kamara","EDGE","Indiana Hoosiers","79.59","Round 4-5","0","0.0","","","none","","","","disabled"
"2","17","49","DET","DET","","Brandon Cisse","CB","South Carolina Gamecocks","79.81","Round 4-5","0","0.0","","","none","","","","disabled"
"2","18","50","MIN","MIN","","Keith Abney II","CB","Arizona State Sun Devils","79.57","Round 4-5","0","0.0","","","none","","","","disabled"
"2","19","51","CAR","CAR","","T.J. Parker","EDGE","Clemson","79.31","Round 4-5","0","0.0","","","none","","","","disabled"
"2","20","52","GB","GB","","Jermod McCoy","CB","Tennessee","79.24","Round 4-5","0","0.0","","","none","","","","disabled"
"2","21","53","PIT","PIT","","Eugene Asante","LB","Auburn","80.22","Round 2-3","0","0.0","","","none","","","","disabled"
"2","22","54","PHI","PHI","","DJ McKinney","CB","Colorado","79.24","Round 4-5","0","0.0","","","none","","","","disabled"
"2","23","55","LAC","LAC","","Jack Endries","TE","Texas Longhorns","79.5","Round 4-5","0","0.0","","","none","","","","disabled"
"2","24","56","JAX","JAX","","Takye Heath","CB","Georgia Tech","79.08","Round 4-5","0","0.0","","","none","","","","disabled"
"2","25","57","CHI","CHI","","Gracen Halton","DT","Oklahoma Sooners","79.13","Round 4-5","0","0.0","","","none","","","","disabled"
"2","26","58","SF","SF","","Kaytron Allen","RB","Penn State Nittany Lions","79.9","Round 4-5","0","0.0","","","none","","","","disabled"
"2","27","59","HOU","HOU","","Skyler Gill-Howard","DT","Texas Tech Red Raiders","79.03","Round 4-5","0","0.0","","","none","","","","disabled"
"2","28","60","BUF","BUF","","Jermayne Lole","DT","Louisville","78.64","Round 4-5","0","0.0","","","none","","","","disabled"
"2","29","61","LAR","LAR","","Anthony Hill Jr.","LB","Texas Longhorns","79.48","Round 4-5","0","0.0","","","none","","","","disabled"
"2","30","62","DEN","DEN","","Kevin Concepcion","WR","Texas A&M","79.34","Round 4-5","0","0.0","","","none","","","","disabled"
"2","31","63","NE","NE","","Kenyon Sadiq","TE","Oregon","79.49","Round 4-5","0","0.0","","","none","","","","disabled"
"2","32","64","SEA","SEA","","Nicholas Singleton","RB","Penn State","79.34","Round 4-5","0","0.0","","","none","","","","disabled"
"3","1","65","ARI","ARI","","Gabe Jacas","EDGE","Illinois Fighting Illini","79.12","Round 4-5","0","0.0","","","none","","","","disabled"
"3","2","66","TEN","TEN","","Kaimon Rucker","EDGE","North Carolina","79.12","Round 4-5","0","0.0","","","none","","","","disabled"
"3","3","67","LV","LV","","Josiah Trotter","LB","Missouri Tigers","79.32","Round 4-5","0","0.0","","","none","","","","disabled"
"3","4","68","PHI","NYJ","PHI g NYJ (H Reddick)","T.J. Searcy","EDGE","Texas A&M","79.09","Round 4-5","0","0.0","","","none","","","","disabled"
"3","5","69","HOU","NYG","HOU g NYG (2025 Draft Trade)","Albert Regis","DT","Texas A&M Aggies","78.64","Round 4-5","0","0.0","","","none","","","","disabled"
"3","6","70","CLE","CLE","","CJ Daniels","WR","Miami (FL) Hurricanes","78.95","Round 4-5","0","0.0","","","none","","","","disabled"
"3","7","71","WAS","WAS","","Derrick Moore","EDGE","Michigan","79.0","Round 4-5","0","0.0","","","none","","","","disabled"
"3","8","72","CIN","CIN","","LT Overton","EDGE","Alabama","78.75","Round 4-5","0","0.0","","","none","","","","disabled"
"3","9","73","NO","NO","","Chris Brazzell II","WR","Tennessee Volunteers","78.61","Round 4-5","0","0.0","","","none","","","","disabled"
"3","10","74","KC","KC","","Tim Keenan III","DT","Alabama Crimson Tide","78.47","Round 4-5","0","0.0","","","none","","","","disabled"
"3","11","75","MIA","MIA","","Michael Taaffe","S","Texas Longhorns","78.57","Round 4-5","0","0.0","","","none","","","","disabled"
"3","12","76","PIT","DAL","PIT g DAL (G Pickens)","David Oke","DT","Arkansas Razorbacks","78.29","Round 4-5","0","0.0","","","none","","","","disabled"
"3","13","77","ATL","ATL","","Tyreak Sapp","EDGE","Florida","78.09","Round 4-5","0","0.0","","","none","","","","disabled"
"3","14","78","BAL","BAL","","Xavier Scott","CB","Illinois Fighting Illini","77.67","Round 4-5","0","0.0","","","none","","","","disabled"
"3","15","79","TB","TB","","Malachi Lawrence","EDGE","UCF Knights","78.03","Round 4-5","0","0.0","","","none","","","","disabled"
"3","16","80","IND","IND","","Eli Stowers","TE","Vanderbilt","78.03","Round 4-5","0","0.0","","","none","","","","disabled"
"3","17","81","JAX","DET","JAX g DET (NFL Draft Trade)","Zachariah Branch","WR","Georgia","78.55","Round 4-5","0","0.0","","","none","","","","disabled"
"3","18","82","MIN","MIN","","Justin Flowe","LB","Arizona","78.88","Round 4-5","0","0.0","","","none","","","","disabled"
"3","19","83","CAR","CAR","","Malachi Fields","WR","Notre Dame Fighting Irish","78.34","Round 4-5","0","0.0","","","none","","","","disabled"
"3","20","84","GB","GB","","Isaiah World","OT","Oregon","78.12","Round 4-5","0","0.0","","","none","","","","disabled"
"3","21","85","PIT","PIT","","Gabriel Brownlow-Dindy","DT","South Carolina","77.9","Round 4-5","0","0.0","","","none","","","","disabled"
"3","22","86","LAC","LAC","","Jake Golday","LB","Cincinnati Bearcats","78.58","Round 4-5","0","0.0","","","none","","","","disabled"
"3","23","87","MIA","PHI","MIA g PHI (J Phillips)","Hollin Pierce","OT","Rutgers","77.82","Round 4-5","0","0.0","","","none","","","","disabled"
"3","24","88","JAX","JAX","","Evan Stewart","WR","Oregon","78.3","Round 4-5","0","0.0","","","none","","","","disabled"
"3","25","89","CHI","CHI","","Gennings Dunker","OT","Iowa Hawkeyes","77.79","Round 4-5","0","0.0","","","none","","","","disabled"
"3","26","90","MIA","HOU","MIA g HOU (2025 Draft Trade)","J.C. Davis","OT","Illinois Fighting Illini","77.77","Round 4-5","0","0.0","","","none","","","","disabled"
"3","27","91","BUF","BUF","","Dominic Gooden","DT","Oklahoma","77.72","Round 4-5","0","0.0","","","none","","","","disabled"
"3","28","92","SF","SF","","Xavier Chaplin","OT","Auburn","77.65","Round 4-5","0","0.0","","","none","","","","disabled"
"3","29","93","LAR","LAR","","Langston Jones","OT","Lehigh","77.39","Round 4-5","0","0.0","","","none","","","","disabled"
"3","30","94","DEN","DEN","","Deion Burks","WR","Oklahoma Sooners","78.25","Round 4-5","0","0.0","","","none","","","","disabled"
"3","31","95","NE","NE","","Caleb Tiernan","OT","Northwestern Wildcats","77.1","Round 4-5","0","0.0","","","none","","","","disabled"
"3","32","96","SEA","SEA","","Drew Shelton","OT","Penn State Nittany Lions","77.08","Round 4-5","0","0.0","","","none","","","","disabled"
"3","33","97","MIN","MIN","Proj. Compensatory Pick","Jonah Coleman","RB","Washington Huskies","78.78","Round 4-5","0","0.0","","","none","","","","disabled"
"3","34","98","PHI","PHI","Proj. Compensatory Pick","Matayo Uiagalelei","EDGE","Oregon","77.47","Round 4-5","0","0.0","","","none","","","","disabled"
"3","35","99","PIT","PIT","Proj. Compensatory Pick","Domata Peko Jr.","DT","UCLA","77.7","Round 4-5","0","0.0","","","none","","","","disabled"
"3","36","100","JAX","DET","JAX g DET (NFL Draft Trade)","Seth McGowan","RB","Kentucky Wildcats","78.57","Round 4-5","0","0.0","","","none","","","","disabled"
"4","1","101","TEN","TEN","","Drew Allar","QB","Penn State","77.17","Round 4-5","0","0.0","","","none","","","","disabled"
"4","2","102","LV","LV","","Davison Igbinosun","CB","Ohio State","76.64","Round 4-5","0","0.0","","","none","","","","disabled"
"4","3","103","NYJ","NYJ","","Chris Bell","WR","Louisville","78.03","Round 4-5","0","0.0","","","none","","","","disabled"
"4","4","104","ARI","ARI","","Joshua Josephs","EDGE","Tennessee Volunteers","77.32","Round 4-5","0","0.0","","","none","","","","disabled"
"4","5","105","NYG","NYG","","Makhi Hughes","RB","Oregon","78.42","Round 4-5","0","0.0","","","none","","","","disabled"
"4","6","106","HOU","WAS","HOU g WAS (L Tunsil)","DeMonte Capehart","DT","Clemson Tigers","77.64","Round 4-5","0","0.0","","","none","","","","disabled"
"4","7","107","CLE","CLE","","Elijah Sarratt","WR","Indiana Hoosiers","78.0","Round 4-5","0","0.0","","","none","","","","disabled"
"4","8","108","DEN","NO","DEN g NO (D Vele)","Eric Singleton Jr.","WR","Auburn","77.82","Round 4-5","0","0.0","","","none","","","","disabled"
"4","9","109","KC","KC","","Domonique Orange","DT","Iowa State Cyclones","77.56","Round 4-5","0","0.0","","","none","","","","disabled"
"4","10","110","CIN","CIN","","Julian Neal","CB","Arkansas Razorbacks","76.57","Round 4-5","0","0.0","","","none","","","","disabled"
"4","11","111","MIA","MIA","","Eugene Brooks III","IOL","Oklahoma","78.51","Round 4-5","0","0.0","","","none","","","","disabled"
"4","12","112","DAL","DAL","","Jadarian Price","RB","Notre Dame Fighting Irish","78.41","Round 4-5","0","0.0","","","none","","","","disabled"
"4","13","113","IND","IND","","Justin Joly","TE","North Carolina State Wolfpack","77.36","Round 4-5","0","0.0","","","none","","","","disabled"
"4","14","114","ATL","ATL","","CJ Mims","EDGE","West Virginia","77.13","Round 4-5","0","0.0","","","none","","","","disabled"
"4","15","115","BAL","BAL","","Brady Latham","IOL","Arkansas","78.44","Round 4-5","0","0.0","","","none","","","","disabled"
"4","16","116","TB","TB","","Anthony Lucas","EDGE","USC Trojans","76.94","Round 4-5","0","0.0","","","none","","","","disabled"
"4","17","117","MIN","MIN","","A'Mauri Washington","DT","Oregon","77.3","Round 4-5","0","0.0","","","none","","","","disabled"
"4","18","118","DET","DET","","Darris Smith","EDGE","LSU","76.69","Round 4-5","0","0.0","","","none","","","","disabled"
"4","19","119","CAR","CAR","","Jeremiah Alexander","EDGE","Alabama","76.51","Round 4-5","0","0.0","","","none","","","","disabled"
"4","20","120","GB","GB","","Aamil Wagner","OT","Notre Dame","76.36","Round 4-5","0","0.0","","","none","","","","disabled"
"4","21","121","PIT","PIT","","Mateen Ibirogba","DT","Wake Forest","77.26","Round 4-5","0","0.0","","","none","","","","disabled"
"4","22","122","PHI","PHI","","Austin Barber","OT","Florida","76.25","Round 4-5","0","0.0","","","none","","","","disabled"
"4","23","123","LAC","LAC","","Sam Roush","TE","Stanford Cardinal","77.21","Round 4-5","0","0.0","","","none","","","","disabled"
"4","24","124","LV","JAX","LV g JAX (J Meyers)","LaNorris Sellers","QB","South Carolina","76.54","Round 4-5","0","0.0","","","none","","","","disabled"
"4","25","125","NE","KC","NE g CHI t KC (2025 Draft Trade)","Max Iheanachor","OT","Arizona State Sun Devils","76.22","Round 4-5","0","0.0","","","none","","","","disabled"
"4","26","126","BUF","BUF","","Tre Williams","DT","Clemson","77.13","Round 4-5","0","0.0","","","none","","","","disabled"
"4","27","127","SF","SF","","Denairius Gray","CB","Florida","76.14","Round 4-5","0","0.0","","","none","","","","disabled"
"4","28","128","HOU","HOU","","Nick Barrett","DT","South Carolina","76.96","Round 4-5","0","0.0","","","none","","","","disabled"
"4","29","129","CHI","LAR","CHI g LAR (2025 Draft Trade)","Trevor Goosby","OT","Texas","76.01","Round 4-5","0","0.0","","","none","","","","disabled"
"4","30","130","DEN","DEN","","De'Zhaun Stribling","WR","Mississippi Rebels","77.67","Round 4-5","0","0.0","","","none","","","","disabled"
"4","31","131","NE","NE","","Daniel Sobkowicz","WR","Illinois State","77.14","Round 4-5","0","0.0","","","none","","","","disabled"
"4","32","132","NO","SEA","NO g SEA (R Shaheed)","Cade Klubnik","QB","Clemson","76.13","Round 4-5","0","0.0","","","none","","","","disabled"
"4","33","133","SF","SF","Proj. Compensatory Pick","Ja'Keem Jackson","CB","Florida","76.01","Round 4-5","0","0.0","","","none","","","","disabled"
"4","34","134","LV","LV","Proj. Compensatory Pick","Chandler Rivers","CB","Duke","75.94","Round 5-6","0","0.0","","","none","","","","disabled"
"4","35","135","PIT","PIT","Proj. Compensatory Pick","Dontay Corleone","DT","Cincinnati Bearcats","76.88","Round 4-5","0","0.0","","","none","","","","disabled"
"4","36","136","NO","NO","Proj. Compensatory Pick","Harold Perkins Jr.","LB","LSU","78.35","Round 4-5","0","0.0","","","none","","","","disabled"
"4","37","137","PHI","PHI","Proj. Compensatory Pick","Jadon Canady","CB","Oregon Ducks","75.88","Round 5-6","0","0.0","","","none","","","","disabled"
"4","38","138","SF","SF","Proj. Compensatory Pick","Tyler Collins","CB","Mississippi State","75.88","Round 5-6","0","0.0","","","none","","","","disabled"
"5","1","139","CLE","LV","CLE g LV (K Pickett)","Michael Briscoe","WR","Cal Poly","77.14","Round 4-5","0","0.0","","","none","","","","disabled"
"5","2","140","TEN","BAL","TEN g NYJ t BAL (2025 Draft Trade)","Treyvhon Saunders","WR","Colgate","77.14","Round 4-5","0","0.0","","","none","","","","disabled"
"5","3","141","ARI","ARI","","Ricardo Jones Jr.","CB","Purdue","75.86","Round 5-6","0","0.0","","","none","","","","disabled"
"5","4","142","LAR","TEN","LAR g TEN (E Jones)","Samari Matthews","CB","Texas A&M","75.8","Round 5-6","0","0.0","","","none","","","","disabled"
"5","5","143","NYG","NYG","","Tyreak Chappell","CB","South Carolina","75.73","Round 5-6","0","0.0","","","none","","","","disabled"
"5","6","144","CLE","CLE","","KC Concepcion","WR","Texas A&M Aggies","77.13","Round 4-5","0","0.0","","","none","","","","disabled"
"5","7","145","WAS","WAS","","Toriano Pride Jr.","CB","Missouri","75.67","Round 5-6","0","0.0","","","none","","","","disabled"
"5","8","146","KC","KC","","Darrell Jackson Jr.","DT","Florida State","75.94","Round 5-6","0","0.0","","","none","","","","disabled"
"5","9","147","CLE","CIN","CLE g CIN (J Flacco)","Ted Hurst","WR","Georgia State Panthers","76.48","Round 4-5","0","0.0","","","none","","","","disabled"
"5","10","148","NO","NO","","Bryce Lance","WR","North Dakota State","75.79","Round 5-6","0","0.0","","","none","","","","disabled"
"5","11","149","MIA","MIA","","Bear Alexander","DT","Oregon","75.93","Round 5-6","0","0.0","","","none","","","","disabled"
"5","12","150","DAL","DAL","","Justice Boone","RB","Colorado","78.03","Round 4-5","0","0.0","","","none","","","","disabled"
"5","13","151","PHI","ATL","PHI g ATL(2025 Draft Trade)","Quincy Rhodes Jr.","EDGE","Arkansas","75.48","Round 5-6","0","0.0","","","none","","","","disabled"
"5","14","152","BAL","BAL","","Jordan Shaw","CB","Washington","75.51","Round 5-6","0","0.0","","","none","","","","disabled"
"5","15","153","TB","TB","","Lorenzo Styles Jr.","CB","Ohio State","75.48","Round 5-6","0","0.0","","","none","","","","disabled"
"5","16","154","IND","IND","","Kani Walker","CB","Oregon","75.47","Round 5-6","0","0.0","","","none","","","","disabled"
"5","17","155","DET","DET","","Earnest Greene III","OT","Georgia","75.39","Round 5-6","0","0.0","","","none","","","","disabled"
"5","18","156","CAR","MIN","CAR g MIN (A Theilen)","Eric McAlister","WR","TCU Horned Frogs","75.77","Round 5-6","0","0.0","","","none","","","","disabled"
"5","19","157","CAR","CAR","","Antonio Williams","WR","Clemson","75.77","Round 5-6","0","0.0","","","none","","","","disabled"
"5","20","158","GB","GB","","Jeremiah Wilson","CB","Florida State","75.37","Round 5-6","0","0.0","","","none","","","","disabled"
"5","21","159","PIT","PIT","","David Gusta","DT","Kentucky","75.42","Round 5-6","0","0.0","","","none","","","","disabled"
"5","22","160","BAL","LAC","BAL g LAC (A Gilman)","Ashton Stamps","CB","LSU","75.19","Round 5-6","0","0.0","","","none","","","","disabled"
"5","23","161","MIN","PHI","MIN g PHI (S Howell)","Tyre West","DT","Indiana","75.18","Round 5-6","0","0.0","","","none","","","","disabled"
"5","24","162","JAX","JAX","","Ja'Kobi Lane","WR","USC","75.22","Round 5-6","0","0.0","","","none","","","","disabled"
"5","25","163","CHI","CHI","","Hero Kanu","DT","Texas","75.09","Round 5-6","0","0.0","","","none","","","","disabled"
"5","26","164","JAX","PHI","JAX g SF t PHI (B Huff/T Bigsby)","Germie Bernard","WR","Alabama","75.08","Round 5-6","0","0.0","","","none","","","","disabled"
"5","27","165","HOU","PHI","HOU g HOU t PHI(C Gardner-Johnson/JMetchie)","Zane Durant","DT","Penn State","75.06","Round 5-6","0","0.0","","","none","","","","disabled"
"5","28","166","BUF","BUF","","Zakee Wheatley","S","Penn State Nittany Lions","77.44","Round 4-5","0","0.0","","","none","","","","disabled"
"5","29","167","LAR","LAR","","Christian Thomas","LB","Maine","78.11","Round 4-5","0","0.0","","","none","","","","disabled"
"5","30","168","DEN","DEN","","Josh Cuevas","TE","Alabama Crimson Tide","76.91","Round 4-5","0","0.0","","","none","","","","disabled"
"5","31","169","NE","NE","","Treyveon McGee","CB","Georgia","75.02","Round 5-6","0","0.0","","","none","","","","disabled"
"5","32","170","NO","SEA","NO g SEA (R Shaheed)","Trinidad Chambliss","QB","Mississippi Rebels","75.1","Round 5-6","0","0.0","","","none","","","","disabled"
"5","33","171","SF","SF","Proj. Compensatory Pick","Oscar Delp","TE","Georgia","75.66","Round 5-6","0","0.0","","","none","","","","disabled"
"5","34","172","BAL","BAL","Proj. Compensatory Pick","Conner Weigman","QB","Houston","75.04","Round 5-6","0","0.0","","","none","","","","disabled"
"5","35","173","BAL","BAL","Proj. Compensatory Pick","Gunner Stockton","QB","Georgia","74.86","Round 5-6","0","0.0","","","none","","","","disabled"
"5","36","174","LV","LV","Proj. Compensatory Pick","Emmett Johnson","RB","Nebraska Cornhuskers","77.8","Round 4-5","0","0.0","","","none","","","","disabled"
"5","37","175","NYJ","NYJ","Proj. Compensatory Pick","Dakaari Nelson","S","Penn State","77.09","Round 4-5","0","0.0","","","none","","","","disabled"
"5","38","176","KC","KC","Proj. Compensatory Pick","Nic Anderson","WR","Oklahoma","74.83","Round 5-6","0","0.0","","","none","","","","disabled"
"5","39","177","DAL","DAL","Proj. Compensatory Pick","Barika Kpeenu","RB","North Dakota State","77.01","Round 4-5","0","0.0","","","none","","","","disabled"
"5","40","178","NYJ","NYJ","Proj. Compensatory Pick","Thaddeus Dixon","CB","North Carolina Tar Heels","74.82","Round 5-6","0","0.0","","","none","","","","disabled"
"5","41","179","PHI","PHI","Proj. Compensatory Pick","Carson Beck","QB","Miami (FL) Hurricanes","74.64","Round 5-6","0","0.0","","","none","","","","disabled"
"6","1","180","LV","LV","LAR g NYJ t CLE t JAX (J Meyers)","Jermaine Mathews Jr.","CB","Ohio State Buckeyes","74.53","Round 5-6","0","0.0","","","none","","","","disabled"
"6","2","181","ARI","ARI","","Garrett Nussmeier","QB","LSU","74.52","Round 5-6","0","0.0","","","none","","","","disabled"
"6","3","182","TEN","TEN","","Rodney Hammond Jr.","RB","Sacramento State","77.01","Round 4-5","0","0.0","","","none","","","","disabled"
"6","4","183","LV","LV","","Le'Veon Moss","RB","Texas A&M","76.01","Round 4-5","0","0.0","","","none","","","","disabled"
"6","5","184","NYG","NYG","","Roman Hemby","RB","Indiana","75.97","Round 5-6","0","0.0","","","none","","","","disabled"
"6","6","185","WAS","WAS","","Malik Muhammad","CB","Texas","74.32","Round 5-6","0","0.0","","","none","","","","disabled"
"6","7","186","SEA","CLE","SEA g CLE (N Harris)","Johntay Cook","WR","Texas","74.24","Round 5-6","0","0.0","","","none","","","","disabled"
"6","8","187","CIN","CIN","","Will Lee III","CB","Texas A&M Aggies","74.2","Round 5-6","0","0.0","","","none","","","","disabled"
"6","9","188","NO","NO","","Devin Moore","CB","Florida","74.19","Round 5-6","0","0.0","","","none","","","","disabled"
"6","10","189","NE","KC","NE g KC (J Uche)","Isaiah Sategna","WR","Arkansas","74.14","Round 5-6","0","0.0","","","none","","","","disabled"
"6","11","190","NYG","MIA","NYG G MIA (D Waller)","Clev Lubin","EDGE","Louisville","74.11","Round 5-6","0","0.0","","","none","","","","disabled"
"6","12","191","NYG","DAL","NYG g DAL (J Phillips)","Zxavian Harris","DT","Mississippi Rebels","74.11","Round 5-6","0","0.0","","","none","","","","disabled"
"6","13","192","TEN","NYJ","TEN g BAL t NYJ (2025 Draft Trade/J Brownlee)","Keeshawn Silver","DT","USC","74.0","Round 5-6","0","0.0","","","none","","","","disabled"
"6","14","193","TB","TB","","Chase Bisontis","IOL","Texas A&M","76.99","Round 4-5","0","0.0","","","none","","","","disabled"
"6","15","194","MIN","IND","MIN g IND (M Blackmon)","Beau Stephens","IOL","Iowa Hawkeyes","76.66","Round 4-5","0","0.0","","","none","","","","disabled"
"6","16","195","ATL","ATL","","Derek Robertson","QB","Monmouth","73.92","Round 5-6","0","0.0","","","none","","","","disabled"
"6","17","196","SF","MIN","SF g MIN t HOU t MIN (Various)","Jaden Rashada","QB","Sacramento State","73.9","Round 5-6","0","0.0","","","none","","","","disabled"
"6","18","197","CIN","CLE","CIN g DET t CLE (J Flacco)","Hollywood Smothers","RB","N.C. State","73.99","Round 5-6","0","0.0","","","none","","","","disabled"
"6","19","198","CAR","CAR","","Jaydn Ott","RB","Oklahoma","73.81","Round 5-6","0","0.0","","","none","","","","disabled"
"6","20","199","GB","GB","","Mike Washington Jr.","RB","Arkansas Razorbacks","73.71","Round 5-6","0","0.0","","","none","","","","disabled"
"6","21","200","NE","PIT","NE g PIT (K Duggar)","Genesis Smith","S","Arizona Wildcats","76.96","Round 4-5","0","0.0","","","none","","","","disabled"
"6","22","201","JAX","HOU","JAX g PHI t HOU (T Bigsby)","Aaron Anderson","WR","LSU Tigers","73.68","Round 5-6","0","0.0","","","none","","","","disabled"
"6","23","202","LAC","LAC","","Charles Demmings","CB","Stephen F. Austin","73.67","Round 5-6","0","0.0","","","none","","","","disabled"
"6","24","203","DET","JAX","DET g JAX (2025 Draft Trade)","Bryce Lovett","IOL","NC State","76.6","Round 4-5","0","0.0","","","none","","","","disabled"
"6","25","204","CLE","CHI","CLE g CHI (J Tryon)","Keagen Trost","OT","Missouri","73.63","Round 5-6","0","0.0","","","none","","","","disabled"
"6","26","205","LAR","HOU","LAR g HOU (B Skowronek)","Taurean York","LB","Texas A&M Aggies","77.78","Round 4-5","0","0.0","","","none","","","","disabled"
"6","27","206","NYJ","BUF","NYJ g BUF (B Codrington)","Keon Wylie","S","Texas Tech","76.89","Round 4-5","0","0.0","","","none","","","","disabled"
"6","28","207","WAS","SF","WAS g SF (B Robinson)","Branson Combs","S","Wake Forest","76.8","Round 4-5","0","0.0","","","none","","","","disabled"
"6","29","208","LAR","TEN","LAR g LAR t TEN (T White/ E Jones)","Deontae Lawson","LB","Alabama","76.99","Round 4-5","0","0.0","","","none","","","","disabled"
"6","30","209","BAL","PHI","BAL g DEN t NYJ t MIN t PHI(J Alexander/Various)","Jaishawn Barham","LB","Michigan","76.74","Round 4-5","0","0.0","","","none","","","","disabled"
"6","31","210","NE","NE","","Max Llewellyn","EDGE","Iowa Hawkeyes","73.51","Round 5-6","0","0.0","","","none","","","","disabled"
"6","32","211","DET","JAX","DET g SEA t JAX(R Robertson-Harris/T Patrick)","Anto Saka","EDGE","Northwestern","73.5","Round 5-6","0","0.0","","","none","","","","disabled"
"6","33","212","DET","DET","Proj. Compensatory Pick","AJ Harris","CB","Penn State","73.49","Round 5-6","0","0.0","","","none","","","","disabled"
"6","34","213","PIT","PIT","Proj. Compensatory Pick","Eli Raridon","TE","Notre Dame","75.51","Round 5-6","0","0.0","","","none","","","","disabled"
"6","35","214","PIT","PIT","Proj. Compensatory Pick","J. Michael Sturdivant","WR","Florida Gators","73.46","Round 5-6","0","0.0","","","none","","","","disabled"
"6","36","215","DAL","DAL","Proj. Compensatory Pick","Max Klare","TE","Purdue","75.41","Round 5-6","0","0.0","","","none","","","","disabled"
"6","37","216","IND","IND","Proj. Compensatory Pick","Michael Trigg","TE","Baylor Bears","74.98","Round 5-6","0","0.0","","","none","","","","disabled"
"7","1","217","ARI","ARI","","Keon Sabb","S","Alabama","76.68","Round 4-5","0","0.0","","","none","","","","disabled"
"7","2","218","NYJ","TEN","NYJ g TEN (J Brownlee)","Isaac Smith","S","Mississippi State","76.6","Round 4-5","0","0.0","","","none","","","","disabled"
"7","3","219","LV","LV","","Bud Clark","S","TCU Horned Frogs","76.1","Round 4-5","0","0.0","","","none","","","","disabled"
"7","4","220","BUF","NYJ","BUF g NYJ (B Codrington)","Elijah Pritchett","OT","Nebraska Cornhuskers","73.11","Round 5-6","0","0.0","","","none","","","","disabled"
"7","5","221","CIN","DAL","CIN g NYG t DAL (J Phillips/L Wilson)","Demond Claiborne","RB","Wake Forest","73.0","Round 5-6","0","0.0","","","none","","","","disabled"
"7","6","222","DET","CLE","DET g CLE (Z Smith)","Sam Hecht","IOL","Kansas State Wildcats","76.59","Round 4-5","0","0.0","","","none","","","","disabled"
"7","7","223","WAS","WAS","","Dante Moore","QB","Oregon","72.92","Round 5-6","0","0.0","","","none","","","","disabled"
"7","8","224","PIT","NE","PIT g NO t NE (D Godchaux/K Duggar)","Ethan Burke","EDGE","Texas","72.92","Round 5-6","0","0.0","","","none","","","","disabled"
"7","9","225","DAL","KC","DAL g KC (P Hendershot cond)","Jude Bowry","OT","Boston College Eagles","72.84","Round 5-6","0","0.0","","","none","","","","disabled"
"7","10","226","CIN","CIN","","Jalyn Phillips","S","Georgia","75.63","Round 5-6","0","0.0","","","none","","","","disabled"
"7","11","227","MIA","MIA","","Jamel Johnson","S","TCU","74.91","Round 5-6","0","0.0","","","none","","","","disabled"
"7","12","228","BUF","DAL","BUF g DAL (K Elam)","Tacario Davis","CB","Washington","72.77","Round 5-6","0","0.0","","","none","","","","disabled"
"7","13","229","TB","TB","","Kage Casey","OT","Boise State","72.75","Round 5-6","0","0.0","","","none","","","","disabled"
"7","14","230","IND","IND","","Hezekiah Masses","CB","California Golden Bears","72.73","Round 5-6","0","0.0","","","none","","","","disabled"
"7","15","231","ATL","ATL","","Chase Roberts","WR","BYU Cougars","72.73","Round 5-6","0","0.0","","","none","","","","disabled"
"7","16","232","LAR","BAL","LAR g BAL (T White)","Ernest Hausmann","LB","Michigan","76.59","Round 4-5","0","0.0","","","none","","","","disabled"
"7","17","233","JAX","DET","JAX g DET (R Patterson)","Jalon Kilgore","S","South Carolina","74.85","Round 5-6","0","0.0","","","none","","","","disabled"
"7","18","234","MIN","MIN","","Addison Nichols","IOL","Arkansas","76.59","Round 4-5","0","0.0","","","none","","","","disabled"
"7","19","235","MIN","CAR","MIN g CAR (A Thielen)","Kade Pieper","IOL","Iowa","76.55","Round 4-5","0","0.0","","","none","","","","disabled"
"7","20","236","GB","GB","","Michael Wortham","WR","Montana","72.62","Round 5-6","0","0.0","","","none","","","","disabled"
"7","21","237","PIT","PIT","","Tommy Castellanos","QB","Florida State Seminoles","72.65","Round 5-6","0","0.0","","","none","","","","disabled"
"7","22","238","TEN","LAC","TEN g LAC (E Molden)","John Mateer","QB","Oklahoma","72.6","Round 5-6","0","0.0","","","none","","","","disabled"
"7","23","239","CHI","CLE","CHI g PHI t JAX t CLE (various)","Domani Jackson","CB","Alabama","72.55","Round 5-6","0","0.0","","","none","","","","disabled"
"7","24","240","MIN","JAX","MIN g JAX (C Robinson)","Timothy McKay","IOL","NC State","76.43","Round 4-5","0","0.0","","","none","","","","disabled"
"7","25","241","CHI","CHI","","Raion Strader","CB","Auburn Tigers","72.4","Round 5-6","0","0.0","","","none","","","","disabled"
"7","26","242","NYJ","CLE","NYJ g BUF t CLE (A Cooper/J Briggs)","Kamari Ramsey","S","USC Trojans","74.42","Round 5-6","0","0.0","","","none","","","","disabled"
"7","27","243","HOU","SF","HOU g SF (K Davis)","Brenen Thompson","WR","Mississippi State Bulldogs","72.39","Round 5-6","0","0.0","","","none","","","","disabled"
"7","28","244","MIN","HOU","MIN g HOU (C Akers)","Josh Hoover","QB","TCU","72.45","Round 5-6","0","0.0","","","none","","","","disabled"
"7","29","245","JAX","HOU","JAX G LAR t HOU (C Kirk)","Cole Payton","QB","North Dakota State","72.39","Round 5-6","0","0.0","","","none","","","","disabled"
"7","30","246","DEN","DEN","","Tanner Koziol","TE","Houston","74.0","Round 5-6","0","0.0","","","none","","","","disabled"
"7","31","247","SF","NE","SF g NE (K White)","Eli Heidenreich","RB","Navy Midshipmen","72.32","Round 5-6","0","0.0","","","none","","","","disabled"
"7","32","248","CLE","SEA","CLE g SEA (N Harris)","Kaelon Black","RB","Indiana Hoosiers","72.18","Round 5-6","0","0.0","","","none","","","","disabled"
"7","33","249","BAL","BAL","Proj. Compensatory Pick","Peyton Bowen","S","Oklahoma Sooners","73.26","Round 5-6","0","0.0","","","none","","","","disabled"
"7","34","250","LAR","LAR","Proj. Compensatory Pick","Aiden Fisher","LB","Indiana Hoosiers","76.52","Round 4-5","0","0.0","","","none","","","","disabled"
"7","35","251","DEN","DEN","Proj. Compensatory Pick","Barion Brown","WR","LSU","71.97","Round 6-7","0","0.0","","","none","","","","disabled"
"7","36","252","BAL","BAL","Proj. Compensatory Pick","Reggie Virgil","WR","Texas Tech Red Raiders","71.87","Round 6-7","0","0.0","","","none","","","","disabled"
"7","37","253","IND","IND","Proj. Compensatory Pick","Arlis Boardingham","TE","Florida","73.86","Round 5-6","0","0.0","","","none","","","","disabled"
"7","38","254","GB","GB","Proj. Compensatory Pick","Cole Wisniewski","S","Texas Tech Red Raiders","73.14","Round 5-6","0","0.0","","","none","","","","disabled"
"7","39","255","DEN","DEN","Proj. Compensatory Pick","Ryan Baer","OT","Pittsburgh Panthers","71.79","Round 6-7","0","0.0","","","none","","","","disabled"
"7","40","256","LAR","LAR","Proj. Compensatory Pick","Raesjon Davis","LB","USC","76.44","Round 4-5","0","0.0","","","none","","","","disabled"
"7","41","257","GB","GB","Proj. Compensatory Pick","Robert Henry Jr.","RB","UTSA Roadrunners","71.76","Round 6-7","0","0.0","","","none","","","","disabled"
