team,need_1,need_2,need_3,source,source_url,pulled_on
ARI,QB,OT,RB,underdog_team_needs_2026,https://underdognetwork.com/football/news/2026-nfl-team-needs,2026-02-26
ATL,DT,LB,TE,underdog_team_needs_2026,https://underdognetwork.com/football/news/2026-nfl-team-needs,2026-02-26
BAL,DT,IOL,EDGE,underdog_team_needs_2026,https://underdognetwork.com/football/news/2026-nfl-team-needs,2026-02-26
BUF,EDGE,IOL,WR,underdog_team_needs_2026,https://underdognetwork.com/football/news/2026-nfl-team-needs,2026-02-26
CAR,IOL,LB,S,underdog_team_needs_2026,https://underdognetwork.com/football/news/2026-nfl-team-needs,2026-02-26
CHI,CB,EDGE,DT,underdog_team_needs_2026,https://underdognetwork.com/football/news/2026-nfl-team-needs,2026-02-26
CIN,DT,S,IOL,underdog_team_needs_2026,https://underdognetwork.com/football/news/2026-nfl-team-needs,2026-02-26
CLE,QB,OT,IOL,underdog_team_needs_2026,https://underdognetwork.com/football/news/2026-nfl-team-needs,2026-02-26
DAL,CB,WR,EDGE,underdog_team_needs_2026,https://underdognetwork.com/football/news/2026-nfl-team-needs,2026-02-26
DEN,DT,LB,TE,underdog_team_needs_2026,https://underdognetwork.com/football/news/2026-nfl-team-needs,2026-02-26
DET,EDGE,DT,LB,underdog_team_needs_2026,https://underdognetwork.com/football/news/2026-nfl-team-needs,2026-02-26
GB,DT,LB,CB,underdog_team_needs_2026,https://underdognetwork.com/football/news/2026-nfl-team-needs,2026-02-26
HOU,IOL,DT,RB,underdog_team_needs_2026,https://underdognetwork.com/football/news/2026-nfl-team-needs,2026-02-26
IND,QB,OT,EDGE,underdog_team_needs_2026,https://underdognetwork.com/football/news/2026-nfl-team-needs,2026-02-26
JAX,LB,CB,S,underdog_team_needs_2026,https://underdognetwork.com/football/news/2026-nfl-team-needs,2026-02-26
KC,CB,S,RB,underdog_team_needs_2026,https://underdognetwork.com/football/news/2026-nfl-team-needs,2026-02-26
LAC,EDGE,IOL,DT,underdog_team_needs_2026,https://underdognetwork.com/football/news/2026-nfl-team-needs,2026-02-26
LAR,CB,S,WR,underdog_team_needs_2026,https://underdognetwork.com/football/news/2026-nfl-team-needs,2026-02-26
LV,QB,IOL,LB,underdog_team_needs_2026,https://underdognetwork.com/football/news/2026-nfl-team-needs,2026-02-26
MIA,QB,EDGE,WR,underdog_team_needs_2026,https://underdognetwork.com/football/news/2026-nfl-team-needs,2026-02-26
MIN,QB,S,CB,underdog_team_needs_2026,https://underdognetwork.com/football/news/2026-nfl-team-needs,2026-02-26
NE,EDGE,S,OT,underdog_team_needs_2026,https://underdognetwork.com/football/news/2026-nfl-team-needs,2026-02-26
NO,IOL,DT,EDGE,underdog_team_needs_2026,https://underdognetwork.com/football/news/2026-nfl-team-needs,2026-02-26
NYG,OT,IOL,WR,underdog_team_needs_2026,https://underdognetwork.com/football/news/2026-nfl-team-needs,2026-02-26
NYJ,QB,IOL,DT,underdog_team_needs_2026,https://underdognetwork.com/football/news/2026-nfl-team-needs,2026-02-26
PHI,IOL,CB,TE,underdog_team_needs_2026,https://underdognetwork.com/football/news/2026-nfl-team-needs,2026-02-26
PIT,QB,IOL,CB,underdog_team_needs_2026,https://underdognetwork.com/football/news/2026-nfl-team-needs,2026-02-26
SEA,CB,EDGE,RB,underdog_team_needs_2026,https://underdognetwork.com/football/news/2026-nfl-team-needs,2026-02-26
SF,WR,IOL,DT,underdog_team_needs_2026,https://underdognetwork.com/football/news/2026-nfl-team-needs,2026-02-26
TB,EDGE,DT,TE,underdog_team_needs_2026,https://underdognetwork.com/football/news/2026-nfl-team-needs,2026-02-26
TEN,EDGE,WR,IOL,underdog_team_needs_2026,https://underdognetwork.com/football/news/2026-nfl-team-needs,2026-02-26
WAS,WR,EDGE,LB,underdog_team_needs_2026,https://underdognetwork.com/football/news/2026-nfl-team-needs,2026-02-26
